interest_technology,interest_social,interest_design,interest_health,interest_business,interest_data,creativity,logical_reasoning,communication,empathy,leadership,numerical_skill,visual_thinking,organization,practical_learning,theoretical_learning,teamwork_preference,autonomy_preference,work_environment,preferred_modality,academic_area_label
5,2,3,3,1,4,2,5,2,2,3,4,2,4,4,3,2,4,mixto,virtual,ingenieria-de-sistemas
5,4,2,2,2,4,3,5,2,2,3,4,3,3,3,3,2,4,oficina,virtual,ingenieria-de-sistemas
5,3,1,2,2,4,3,5,1,2,3,4,1,3,4,3,2,4,mixto,virtual,ingenieria-de-sistemas
5,3,2,3,2,3,2,5,1,2,2,5,2,2,4,3,3,4,oficina,mixta,ingenieria-de-sistemas
4,2,3,2,2,3,2,5,1,2,3,5,2,4,5,3,3,3,mixto,virtual,ingenieria-de-sistemas
4,2,2,3,2,5,2,4,2,2,3,5,3,3,4,3,2,4,oficina,virtual,ingenieria-de-sistemas
5,2,3,2,2,5,3,4,2,3,2,3,2,3,4,3,3,4,oficina,virtual,ingenieria-de-sistemas
5,1,2,2,1,4,2,4,2,1,2,4,3,3,5,4,2,3,mixto,mixta,ingenieria-de-sistemas
5,3,2,2,1,4,2,5,2,1,1,3,4,3,5,3,4,4,mixto,virtual,ingenieria-de-sistemas
5,2,2,3,3,4,2,4,2,2,2,5,4,3,3,3,1,4,mixto,virtual,ingenieria-de-sistemas
5,2,3,1,2,5,2,5,2,2,3,4,3,4,4,4,2,4,oficina,mixta,ingenieria-de-sistemas
5,3,2,3,3,5,3,5,1,2,2,3,3,3,4,3,1,5,mixto,virtual,ingenieria-de-sistemas
5,3,2,3,2,3,3,5,2,4,2,5,2,3,5,4,2,5,mixto,mixta,ingenieria-de-sistemas
5,3,2,2,3,4,1,5,2,2,3,4,1,3,4,3,2,5,mixto,virtual,ingenieria-de-sistemas
4,3,1,1,1,4,2,5,2,1,3,5,2,2,4,2,2,4,oficina,virtual,ingenieria-de-sistemas
5,2,2,2,2,4,2,5,1,1,1,5,2,2,4,3,2,4,mixto,mixta,ingenieria-de-sistemas
5,2,2,3,3,4,2,5,3,2,3,4,3,2,4,2,2,4,oficina,virtual,ingenieria-de-sistemas
5,2,3,1,2,4,1,5,3,1,1,5,2,3,4,3,3,5,oficina,mixta,ingenieria-de-sistemas
4,2,3,2,3,3,2,5,2,2,2,4,1,3,4,3,1,3,mixto,mixta,ingenieria-de-sistemas
5,2,4,2,2,3,2,5,3,2,2,4,2,2,4,2,2,5,mixto,mixta,ingenieria-de-sistemas
5,1,2,2,3,3,1,5,2,2,1,4,3,4,4,3,2,4,oficina,virtual,ingenieria-de-sistemas
5,2,2,1,2,3,1,3,2,2,3,5,2,5,4,2,2,4,mixto,virtual,ingenieria-de-sistemas
4,3,1,3,4,4,2,5,2,1,2,4,3,2,4,2,3,4,mixto,virtual,ingenieria-de-sistemas
5,2,1,3,2,5,1,5,1,1,2,4,2,3,4,3,2,5,oficina,virtual,ingenieria-de-sistemas
5,2,2,2,3,3,2,4,1,1,2,4,2,3,3,3,2,5,mixto,mixta,ingenieria-de-sistemas
4,2,3,1,1,4,2,5,2,1,2,5,3,3,4,2,3,4,mixto,mixta,ingenieria-de-sistemas
5,3,2,3,3,5,3,5,2,2,2,4,2,2,4,3,3,3,mixto,mixta,ingenieria-de-sistemas
4,2,2,2,2,4,2,5,2,2,2,5,2,4,4,2,2,4,oficina,mixta,ingenieria-de-sistemas
5,2,2,2,2,5,2,4,3,2,1,4,1,3,3,3,3,5,oficina,mixta,ingenieria-de-sistemas
5,3,2,2,2,3,3,4,2,2,2,4,2,3,4,4,2,3,oficina,virtual,ingenieria-de-sistemas
3,2,3,2,1,3,2,4,2,1,2,4,1,3,4,3,3,5,mixto,virtual,ingenieria-de-sistemas
5,2,2,2,3,5,4,4,3,2,2,4,2,2,4,3,3,4,oficina,mixta,ingenieria-de-sistemas
5,2,2,2,3,2,2,5,2,3,3,2,2,2,4,3,2,3,oficina,mixta,ingenieria-de-sistemas
4,2,2,3,2,5,2,5,2,2,2,3,2,3,4,2,3,4,mixto,virtual,ingenieria-de-sistemas
5,2,2,2,3,4,3,5,2,1,3,4,2,3,4,2,2,5,mixto,virtual,ingenieria-de-sistemas
5,2,2,2,3,4,2,5,3,2,2,5,2,3,5,3,2,3,oficina,mixta,ingenieria-de-sistemas
5,2,2,3,2,5,1,5,2,1,1,4,2,2,4,4,2,4,oficina,virtual,ingenieria-de-sistemas
5,2,2,3,4,5,3,5,3,3,2,4,2,4,5,3,2,5,oficina,virtual,ingenieria-de-sistemas
5,3,1,3,1,4,3,5,2,1,1,4,2,3,4,4,2,4,oficina,mixta,ingenieria-de-sistemas
5,2,3,2,3,4,2,5,3,1,1,4,2,3,4,3,2,4,oficina,virtual,ingenieria-de-sistemas
5,2,2,1,2,4,4,4,2,2,1,5,2,2,4,3,2,3,mixto,virtual,ingenieria-de-sistemas
4,3,3,2,3,5,3,5,1,1,2,5,2,3,4,3,2,2,oficina,mixta,ingenieria-de-sistemas
5,3,2,3,2,4,2,5,3,2,3,5,2,4,3,4,2,4,oficina,mixta,ingenieria-de-sistemas
5,2,1,3,3,3,2,5,2,2,2,4,2,3,5,4,2,4,mixto,virtual,ingenieria-de-sistemas
5,3,2,2,3,5,1,4,2,2,1,4,4,2,3,3,2,3,oficina,mixta,ingenieria-de-sistemas
4,2,3,1,2,4,3,5,1,3,3,4,2,2,4,3,2,3,oficina,virtual,ingenieria-de-sistemas
4,3,3,3,4,4,2,5,2,3,2,4,2,3,4,3,2,4,oficina,mixta,ingenieria-de-sistemas
3,2,2,1,3,4,3,5,1,2,1,3,2,3,5,2,3,4,mixto,mixta,ingenieria-de-sistemas
5,3,1,3,3,5,3,4,3,2,2,5,2,4,3,4,2,5,oficina,mixta,ingenieria-de-sistemas
5,2,3,2,2,4,3,5,3,2,2,3,1,4,4,3,1,5,oficina,virtual,ingenieria-de-sistemas
4,3,2,2,3,3,4,5,3,1,3,5,2,3,3,3,1,4,mixto,virtual,ingenieria-de-sistemas
4,2,3,2,2,4,2,4,2,1,2,4,2,3,5,3,1,4,mixto,mixta,ingenieria-de-sistemas
5,2,2,3,3,4,1,4,3,1,2,4,1,3,4,4,2,3,oficina,mixta,ingenieria-de-sistemas
5,2,3,2,3,4,2,5,1,1,2,5,2,3,4,3,2,3,mixto,virtual,ingenieria-de-sistemas
5,2,3,1,2,3,2,3,2,2,2,5,1,2,4,2,3,3,oficina,mixta,ingenieria-de-sistemas
5,2,2,3,2,4,3,5,2,2,3,5,2,2,4,3,2,4,oficina,virtual,ingenieria-de-sistemas
3,3,1,3,2,4,1,4,2,3,2,4,1,3,5,3,1,4,mixto,mixta,ingenieria-de-sistemas
4,2,1,2,1,4,2,5,2,1,3,4,2,2,5,3,2,4,mixto,mixta,ingenieria-de-sistemas
4,3,2,3,2,4,2,5,3,2,1,2,1,3,5,3,1,4,mixto,mixta,ingenieria-de-sistemas
5,3,2,2,2,4,2,5,2,1,1,4,3,2,4,4,2,3,mixto,virtual,ingenieria-de-sistemas
4,3,3,1,3,4,2,4,1,3,2,3,2,3,3,2,3,4,oficina,virtual,ingenieria-de-sistemas
4,2,2,1,3,4,2,5,2,2,3,3,2,3,4,3,3,3,mixto,virtual,ingenieria-de-sistemas
5,2,2,2,2,5,2,5,1,2,2,4,1,2,5,4,2,4,mixto,virtual,ingenieria-de-sistemas
4,2,2,3,2,4,2,4,2,2,2,4,2,3,4,3,1,4,mixto,mixta,ingenieria-de-sistemas
4,3,2,1,3,3,3,5,2,2,2,5,2,4,3,3,2,5,oficina,virtual,ingenieria-de-sistemas
5,2,2,1,3,4,2,4,2,2,2,4,2,3,4,3,3,3,oficina,mixta,ingenieria-de-sistemas
4,1,2,3,2,5,1,4,1,2,2,5,2,3,3,3,1,3,oficina,mixta,ingenieria-de-sistemas
5,2,1,2,2,4,4,5,3,2,2,4,2,3,4,3,2,4,oficina,virtual,ingenieria-de-sistemas
5,3,1,3,1,4,3,5,2,3,2,5,2,3,4,3,2,4,mixto,virtual,ingenieria-de-sistemas
5,2,2,1,3,4,1,4,1,2,3,4,2,3,3,2,2,4,oficina,mixta,ingenieria-de-sistemas
5,2,3,2,2,3,2,5,2,1,3,3,3,4,5,3,3,4,oficina,mixta,ingenieria-de-sistemas
5,1,3,2,2,3,2,4,3,2,2,4,1,3,3,3,1,5,mixto,mixta,ingenieria-de-sistemas
5,3,2,3,2,3,2,4,2,2,1,4,2,3,4,4,2,4,oficina,mixta,ingenieria-de-sistemas
5,2,3,3,2,4,2,5,2,2,2,4,3,4,4,3,2,5,oficina,virtual,ingenieria-de-sistemas
5,3,2,2,2,5,2,5,2,1,2,3,3,3,4,2,3,3,mixto,mixta,ingenieria-de-sistemas
5,3,3,3,2,4,2,4,2,2,2,4,2,3,4,2,2,4,oficina,mixta,ingenieria-de-sistemas
5,2,2,2,3,3,3,4,2,1,2,4,2,3,4,4,2,4,mixto,virtual,ingenieria-de-sistemas
5,2,2,2,2,4,2,3,2,1,3,5,2,2,4,3,3,5,mixto,virtual,ingenieria-de-sistemas
5,2,3,3,3,4,1,5,3,1,3,4,2,3,4,3,2,5,oficina,virtual,ingenieria-de-sistemas
5,3,2,3,3,5,2,5,2,3,2,5,2,3,4,3,2,4,oficina,mixta,ingenieria-de-sistemas
5,3,3,2,1,5,1,5,2,2,2,4,2,2,4,4,4,3,mixto,virtual,ingenieria-de-sistemas
5,3,3,2,2,3,1,5,1,2,3,3,2,3,4,4,3,4,oficina,mixta,ingenieria-de-sistemas
5,2,2,3,1,4,3,5,1,1,3,4,1,3,5,3,2,4,oficina,virtual,ingenieria-de-sistemas
5,1,2,2,3,5,1,5,2,2,2,4,1,4,3,4,2,3,mixto,mixta,ingenieria-de-sistemas
5,2,3,2,2,4,2,5,2,1,2,4,3,2,3,2,3,3,mixto,mixta,ingenieria-de-sistemas
5,2,3,3,2,4,2,5,2,2,2,4,2,4,5,3,2,5,mixto,virtual,ingenieria-de-sistemas
5,4,2,1,2,5,3,5,2,3,3,4,3,3,5,3,2,3,mixto,virtual,ingenieria-de-sistemas
5,2,1,3,3,4,2,5,3,1,3,4,2,4,4,3,1,4,mixto,mixta,ingenieria-de-sistemas
4,2,2,1,2,4,1,5,1,1,2,4,3,4,4,3,2,4,mixto,virtual,ingenieria-de-sistemas
5,2,3,2,2,3,3,5,1,1,3,4,4,4,4,3,2,5,oficina,mixta,ingenieria-de-sistemas
5,1,1,3,2,5,1,4,3,3,2,4,2,3,3,3,2,4,mixto,virtual,ingenieria-de-sistemas
5,3,2,3,2,4,2,4,1,2,2,4,4,3,3,3,2,4,oficina,virtual,ingenieria-de-sistemas
4,2,2,2,3,4,2,4,2,2,3,4,1,4,3,2,3,3,mixto,mixta,ingenieria-de-sistemas
4,3,2,2,2,4,1,5,3,1,2,4,1,3,5,2,3,4,mixto,mixta,ingenieria-de-sistemas
4,2,2,2,3,3,1,5,2,2,2,5,2,4,4,3,2,4,oficina,mixta,ingenieria-de-sistemas
5,3,1,3,2,4,3,5,1,3,3,4,2,5,4,3,3,4,mixto,virtual,ingenieria-de-sistemas
5,3,2,2,2,5,2,5,2,1,2,3,3,2,4,4,3,3,mixto,virtual,ingenieria-de-sistemas
5,2,2,2,2,3,3,5,2,3,2,5,2,2,4,3,3,4,oficina,virtual,ingenieria-de-sistemas
5,3,3,3,2,3,2,4,2,3,2,4,3,2,5,2,2,3,mixto,mixta,ingenieria-de-sistemas
5,1,2,2,1,4,1,5,1,3,2,3,3,3,4,3,2,4,oficina,virtual,ingenieria-de-sistemas
5,3,2,1,3,5,2,4,2,3,1,5,2,3,4,2,2,4,mixto,mixta,ingenieria-de-sistemas
5,1,2,2,3,5,3,5,1,1,3,4,2,4,3,3,2,4,oficina,mixta,ingenieria-de-sistemas
5,2,2,3,1,4,2,4,2,2,3,4,4,3,5,3,2,5,mixto,mixta,ingenieria-de-sistemas
4,2,3,2,3,4,3,5,2,2,2,3,4,4,4,3,3,5,mixto,mixta,ingenieria-de-sistemas
4,2,2,3,2,4,1,5,3,2,2,4,3,3,4,2,2,4,oficina,virtual,ingenieria-de-sistemas
5,2,2,3,3,5,3,5,1,3,2,4,1,3,4,3,2,5,oficina,mixta,ingenieria-de-sistemas
5,3,3,2,2,4,1,5,3,2,2,3,2,4,3,4,2,4,oficina,mixta,ingenieria-de-sistemas
4,3,3,2,2,4,2,5,2,2,3,4,3,3,4,3,2,4,mixto,mixta,ingenieria-de-sistemas
5,2,2,2,2,4,3,5,4,2,2,3,2,3,4,3,3,3,oficina,virtual,ingenieria-de-sistemas
5,2,3,3,3,4,2,5,1,1,1,3,3,2,4,3,1,4,oficina,virtual,ingenieria-de-sistemas
5,1,1,2,2,4,2,5,3,2,3,4,2,3,4,3,2,3,mixto,mixta,ingenieria-de-sistemas
5,4,3,3,2,5,1,5,2,2,2,5,1,2,5,2,3,4,mixto,mixta,ingenieria-de-sistemas
5,1,3,2,3,4,1,3,2,2,2,4,2,3,3,4,2,4,mixto,virtual,ingenieria-de-sistemas
5,3,1,2,2,4,3,5,3,3,3,4,3,3,4,3,2,4,oficina,virtual,ingenieria-de-sistemas
5,3,3,3,2,5,2,5,2,2,3,4,2,3,4,3,1,4,mixto,virtual,ingenieria-de-sistemas
5,2,2,2,3,5,1,4,2,2,3,4,2,1,4,3,2,3,mixto,mixta,ingenieria-de-sistemas
5,2,3,1,2,4,2,5,1,2,1,4,2,3,4,3,2,4,oficina,virtual,ingenieria-de-sistemas
5,2,2,3,3,3,2,4,3,2,3,4,3,3,3,3,3,4,mixto,mixta,ingenieria-de-sistemas
5,2,3,2,4,5,2,5,2,3,1,4,2,3,4,4,2,4,oficina,virtual,ingenieria-de-sistemas
4,1,3,3,3,5,2,5,2,1,3,3,1,3,5,3,4,3,oficina,mixta,ingenieria-de-sistemas
5,2,2,3,3,5,3,5,2,3,2,4,1,3,5,3,3,3,mixto,mixta,ingenieria-de-sistemas
5,3,2,3,1,4,3,4,2,2,2,3,3,3,5,3,1,5,oficina,mixta,ingenieria-de-sistemas
5,2,3,2,2,4,2,5,1,2,3,4,2,3,3,3,3,4,oficina,virtual,ingenieria-de-sistemas
5,3,1,3,3,4,3,5,3,3,1,3,2,3,3,3,4,4,oficina,virtual,ingenieria-de-sistemas
5,4,2,2,1,4,3,4,2,2,2,5,1,4,4,3,3,4,mixto,mixta,ingenieria-de-sistemas
5,2,4,2,2,4,3,5,2,3,2,4,1,2,5,3,1,5,mixto,mixta,ingenieria-de-sistemas
5,3,3,2,2,4,2,5,2,2,2,3,2,2,5,2,1,4,oficina,virtual,ingenieria-de-sistemas
4,2,2,2,2,4,2,4,2,2,2,4,1,2,4,3,2,4,mixto,mixta,ingenieria-de-sistemas
5,3,2,2,2,4,3,5,2,3,2,4,3,5,4,3,2,4,oficina,mixta,ingenieria-de-sistemas
4,1,2,1,3,4,2,4,3,3,3,4,2,3,4,3,2,4,oficina,mixta,ingenieria-de-sistemas
5,3,2,1,2,4,3,5,1,2,2,4,2,3,5,3,3,4,mixto,mixta,ingenieria-de-sistemas
5,3,2,2,2,4,2,5,2,2,2,5,2,3,5,4,2,4,oficina,mixta,ingenieria-de-sistemas
5,2,2,1,2,2,2,5,1,2,3,5,2,4,3,3,2,4,oficina,mixta,ingenieria-de-sistemas
4,1,2,2,2,3,3,5,3,2,1,3,3,3,3,3,2,4,mixto,virtual,ingenieria-de-sistemas
4,2,2,2,2,4,1,4,3,4,3,5,1,2,3,2,3,3,oficina,mixta,ingenieria-de-sistemas
5,1,2,2,2,4,2,5,3,2,3,4,3,3,5,3,2,4,oficina,mixta,ingenieria-de-sistemas
5,3,3,2,3,5,2,5,2,1,2,4,2,3,3,2,2,3,oficina,virtual,ingenieria-de-sistemas
4,2,3,2,2,4,2,4,2,2,2,4,1,3,4,3,2,5,oficina,virtual,ingenieria-de-sistemas
5,3,2,4,3,4,2,5,2,2,2,4,3,2,3,2,3,3,mixto,mixta,ingenieria-de-sistemas
5,1,2,3,3,4,2,5,2,3,2,5,2,3,4,3,2,4,oficina,virtual,ingenieria-de-sistemas
3,2,2,3,2,4,2,5,3,2,2,4,2,4,5,3,1,4,mixto,mixta,ingenieria-de-sistemas
5,2,3,4,2,2,1,5,2,1,3,5,2,3,4,3,3,4,oficina,virtual,ingenieria-de-sistemas
4,3,2,2,2,4,2,5,2,2,3,4,2,2,4,3,2,5,mixto,mixta,ingenieria-de-sistemas
4,2,3,2,1,4,3,5,2,2,2,3,3,2,4,3,1,5,mixto,mixta,ingenieria-de-sistemas
5,2,2,2,2,5,1,5,1,2,1,3,2,4,3,3,2,3,oficina,mixta,ingenieria-de-sistemas
5,3,4,3,2,5,3,5,3,2,2,5,2,2,4,3,3,4,oficina,mixta,ingenieria-de-sistemas
5,3,2,3,3,5,2,5,1,3,2,4,2,3,3,2,2,5,mixto,virtual,ingenieria-de-sistemas
5,2,3,2,3,4,2,4,3,2,2,5,1,1,5,3,2,4,mixto,virtual,ingenieria-de-sistemas
5,2,2,1,2,5,2,5,2,2,3,2,2,3,4,3,2,4,oficina,virtual,ingenieria-de-sistemas
4,2,4,2,2,4,2,5,2,2,3,4,1,3,3,4,3,4,mixto,virtual,ingenieria-de-sistemas
4,1,2,3,2,5,2,5,1,3,3,4,2,3,4,2,2,4,mixto,mixta,ingenieria-de-sistemas
4,1,2,2,1,3,2,5,2,2,2,4,3,3,3,2,3,4,mixto,virtual,ingenieria-de-sistemas
4,3,2,2,2,4,3,4,2,1,2,4,3,3,3,3,3,3,oficina,mixta,ingenieria-de-sistemas
5,3,3,2,3,3,2,5,2,2,2,4,1,5,4,3,2,4,mixto,mixta,ingenieria-de-sistemas
5,2,3,3,2,4,4,5,2,2,3,4,2,3,4,4,3,3,oficina,mixta,ingenieria-de-sistemas
5,2,2,2,1,4,1,5,2,2,3,5,3,3,4,4,2,5,mixto,virtual,ingenieria-de-sistemas
4,2,2,2,3,4,2,5,1,3,3,4,3,2,3,3,2,4,oficina,mixta,ingenieria-de-sistemas
5,3,2,2,2,4,3,5,2,1,1,4,2,4,4,3,2,5,mixto,virtual,ingenieria-de-sistemas
5,3,2,3,2,4,2,5,2,2,1,5,3,3,4,3,3,4,mixto,mixta,ingenieria-de-sistemas
5,1,2,2,3,4,2,5,1,2,2,4,3,2,3,2,3,3,oficina,virtual,ingenieria-de-sistemas
5,2,2,2,3,4,3,4,2,2,2,4,2,4,3,3,2,5,mixto,mixta,ingenieria-de-software
5,3,3,3,2,4,2,5,2,2,3,3,3,3,4,4,2,5,oficina,mixta,ingenieria-de-software
5,2,3,2,3,3,3,5,1,1,3,5,2,5,4,4,2,5,oficina,mixta,ingenieria-de-software
5,2,3,2,2,4,2,5,1,3,1,4,2,4,4,3,2,4,mixto,mixta,ingenieria-de-software
5,1,3,2,2,2,2,5,2,2,2,4,3,4,4,3,1,4,mixto,mixta,ingenieria-de-software
5,2,2,2,1,4,2,5,2,2,1,4,2,5,4,3,3,5,mixto,mixta,ingenieria-de-software
5,2,2,2,2,3,3,4,1,1,2,3,3,3,3,3,2,5,mixto,mixta,ingenieria-de-software
5,2,2,1,1,4,3,5,2,1,2,3,2,4,4,4,3,4,oficina,mixta,ingenieria-de-software
5,2,1,2,1,5,2,5,1,2,3,5,2,4,3,3,2,4,mixto,virtual,ingenieria-de-software
5,2,2,1,2,3,2,5,1,1,2,4,2,5,4,5,1,5,mixto,virtual,ingenieria-de-software
5,2,3,3,3,5,3,5,2,1,2,4,3,4,5,5,2,4,mixto,virtual,ingenieria-de-software
3,2,1,3,2,4,3,5,2,1,2,4,1,4,5,4,1,5,mixto,mixta,ingenieria-de-software
5,2,2,2,2,4,1,5,3,1,2,3,2,3,4,3,2,5,oficina,virtual,ingenieria-de-software
5,2,2,2,2,5,3,5,1,2,2,5,1,3,4,3,1,4,mixto,virtual,ingenieria-de-software
4,1,1,3,3,5,2,4,2,3,3,4,2,4,4,3,2,5,oficina,mixta,ingenieria-de-software
5,3,2,3,2,4,2,5,4,1,2,3,2,4,4,4,2,5,mixto,virtual,ingenieria-de-software
5,3,3,2,2,4,3,5,2,3,2,3,2,4,4,4,3,5,mixto,virtual,ingenieria-de-software
5,2,2,2,1,4,2,4,1,2,3,5,1,4,4,5,2,5,mixto,mixta,ingenieria-de-software
5,1,2,1,3,5,2,4,1,2,3,4,3,4,4,4,4,5,oficina,virtual,ingenieria-de-software
5,2,2,2,3,3,3,4,2,2,1,4,2,3,4,4,1,5,mixto,virtual,ingenieria-de-software
5,3,3,3,3,4,3,4,3,3,2,4,2,4,4,5,2,5,oficina,virtual,ingenieria-de-software
5,4,3,2,2,3,3,5,3,2,1,3,1,3,4,4,3,5,oficina,virtual,ingenieria-de-software
5,1,2,2,2,5,1,5,2,1,2,5,2,4,4,4,3,5,mixto,mixta,ingenieria-de-software
4,3,3,2,2,4,3,4,2,2,2,4,3,5,5,3,2,5,oficina,mixta,ingenieria-de-software
5,3,3,2,3,4,2,5,2,2,2,3,2,4,5,3,3,5,mixto,virtual,ingenieria-de-software
5,3,2,2,3,5,3,5,2,1,2,4,2,4,5,5,2,4,oficina,virtual,ingenieria-de-software
4,1,1,2,2,4,2,5,2,3,2,5,1,4,5,5,1,4,mixto,virtual,ingenieria-de-software
5,3,1,2,2,4,2,5,2,1,4,4,2,3,4,4,2,5,mixto,mixta,ingenieria-de-software
5,2,2,2,3,5,2,5,2,1,3,5,3,4,4,4,2,5,mixto,virtual,ingenieria-de-software
5,3,2,3,2,4,3,5,2,2,2,4,2,4,4,3,2,4,oficina,mixta,ingenieria-de-software
5,1,2,2,2,3,1,5,2,2,2,4,3,4,4,4,2,5,oficina,mixta,ingenieria-de-software
5,2,1,3,1,4,2,5,4,2,3,4,3,4,4,3,2,5,mixto,mixta,ingenieria-de-software
5,3,3,1,2,3,3,5,2,2,3,4,2,4,5,4,2,4,mixto,virtual,ingenieria-de-software
5,2,2,2,2,4,2,5,2,4,2,5,1,4,4,4,3,5,oficina,virtual,ingenieria-de-software
5,1,2,3,2,3,3,5,1,2,1,5,2,5,3,3,2,4,mixto,mixta,ingenieria-de-software
5,3,3,2,2,4,2,5,2,2,2,4,2,4,4,4,2,4,oficina,virtual,ingenieria-de-software
5,3,2,2,2,3,3,5,3,2,3,5,2,4,4,3,2,5,oficina,mixta,ingenieria-de-software
5,3,1,2,4,5,2,4,1,2,3,3,3,4,5,4,2,5,oficina,virtual,ingenieria-de-software
4,3,3,3,3,4,3,5,2,2,2,2,2,5,4,4,2,5,mixto,mixta,ingenieria-de-software
5,2,2,3,3,4,3,4,3,1,2,4,2,5,5,4,2,5,mixto,virtual,ingenieria-de-software
5,2,2,2,2,4,3,5,2,2,2,4,2,4,4,4,3,4,mixto,virtual,ingenieria-de-software
5,3,4,2,2,5,2,5,3,2,1,5,2,5,4,4,2,5,oficina,mixta,ingenieria-de-software
5,2,3,2,3,4,3,4,3,2,2,5,2,4,4,5,2,5,mixto,virtual,ingenieria-de-software
5,3,3,2,3,4,2,5,3,3,3,5,2,4,4,3,2,5,oficina,virtual,ingenieria-de-software
5,2,3,2,2,4,2,5,2,2,4,4,1,3,3,3,3,5,mixto,virtual,ingenieria-de-software
5,3,1,3,1,4,2,4,2,2,3,5,2,4,5,5,3,4,oficina,mixta,ingenieria-de-software
5,2,2,2,3,4,2,4,2,3,2,5,2,4,4,3,2,4,oficina,mixta,ingenieria-de-software
4,2,2,3,3,5,3,5,2,2,2,4,3,3,4,4,2,4,mixto,virtual,ingenieria-de-software
5,1,2,3,3,4,2,5,2,2,2,4,4,4,4,3,3,5,oficina,virtual,ingenieria-de-software
3,2,3,2,2,5,3,4,1,1,3,5,2,3,3,3,2,5,oficina,virtual,ingenieria-de-software
5,3,3,2,2,4,2,5,2,2,3,5,3,5,4,4,2,5,mixto,virtual,ingenieria-de-software
4,1,1,2,2,4,3,5,2,3,1,3,3,3,4,5,2,5,mixto,virtual,ingenieria-de-software
5,2,2,2,1,4,2,5,3,1,3,4,1,4,2,4,2,5,oficina,virtual,ingenieria-de-software
5,3,2,2,2,3,1,5,2,3,2,4,1,4,5,4,2,5,mixto,virtual,ingenieria-de-software
5,2,2,1,3,4,3,5,2,2,3,4,3,4,4,4,3,5,mixto,mixta,ingenieria-de-software
5,2,3,2,2,4,1,5,2,1,2,5,3,4,4,5,2,4,oficina,virtual,ingenieria-de-software
5,3,2,2,2,3,2,5,3,1,2,5,3,4,3,4,3,4,oficina,mixta,ingenieria-de-software
5,2,3,2,2,5,1,4,3,2,2,4,2,5,4,4,4,5,oficina,virtual,ingenieria-de-software
5,3,1,2,2,3,2,5,1,3,3,4,3,4,3,4,1,4,mixto,mixta,ingenieria-de-software
5,3,2,2,2,5,2,4,2,2,3,3,2,5,4,5,2,5,oficina,mixta,ingenieria-de-software
5,3,2,2,2,4,3,5,2,1,3,3,2,3,4,5,2,4,mixto,mixta,ingenieria-de-software
5,2,2,1,2,4,2,5,2,2,2,5,2,3,5,4,3,4,mixto,virtual,ingenieria-de-software
5,2,3,3,3,4,3,5,3,3,2,4,3,4,4,4,3,5,mixto,mixta,ingenieria-de-software
5,2,1,3,2,4,3,5,2,3,2,4,2,4,4,4,2,5,oficina,virtual,ingenieria-de-software
5,2,2,1,2,4,2,5,2,2,4,4,2,3,3,3,2,4,oficina,mixta,ingenieria-de-software
5,3,3,2,3,3,2,5,3,1,2,4,3,5,4,4,1,5,oficina,mixta,ingenieria-de-software
5,1,2,2,2,3,3,5,2,1,2,5,3,5,3,4,3,5,oficina,mixta,ingenieria-de-software
5,1,2,2,2,3,2,5,1,2,2,5,3,4,4,4,2,5,mixto,virtual,ingenieria-de-software
5,2,1,1,2,4,3,5,2,2,3,4,2,4,4,4,2,4,oficina,mixta,ingenieria-de-software
5,3,3,3,2,4,2,5,2,2,2,5,1,3,5,5,1,3,oficina,virtual,ingenieria-de-software
5,3,2,2,2,3,1,5,1,2,2,3,3,5,5,4,1,5,oficina,mixta,ingenieria-de-software
4,2,2,2,3,3,3,4,3,2,2,4,2,4,3,4,2,5,mixto,virtual,ingenieria-de-software
4,1,3,2,3,5,3,5,2,2,3,4,3,4,4,4,1,5,mixto,virtual,ingenieria-de-software
5,2,3,2,1,4,3,5,3,3,3,3,2,5,3,4,1,4,mixto,mixta,ingenieria-de-software
5,3,2,1,1,5,1,5,3,2,2,4,2,4,4,5,1,5,oficina,mixta,ingenieria-de-software
4,2,2,2,2,4,2,5,2,3,2,5,3,3,4,4,1,5,mixto,virtual,ingenieria-de-software
5,2,3,2,2,4,2,5,2,2,3,3,2,5,4,4,2,5,oficina,mixta,ingenieria-de-software
4,2,3,2,2,4,3,5,1,2,2,3,2,4,3,5,2,5,oficina,mixta,ingenieria-de-software
5,1,2,3,2,4,2,5,2,1,2,3,3,5,3,4,1,5,mixto,virtual,ingenieria-de-software
5,2,2,1,3,5,2,5,2,2,2,5,2,4,5,5,2,5,mixto,virtual,ingenieria-de-software
5,3,2,2,1,3,2,5,2,1,3,4,4,5,3,5,1,5,oficina,virtual,ingenieria-de-software
5,1,3,2,1,4,2,5,2,2,3,3,2,3,4,4,2,4,oficina,mixta,ingenieria-de-software
5,2,3,3,2,4,2,5,2,3,2,3,3,4,3,5,2,4,oficina,virtual,ingenieria-de-software
5,2,2,3,3,4,3,5,2,2,3,5,1,4,5,3,2,5,mixto,mixta,ingenieria-de-software
4,2,3,1,3,3,2,5,2,2,2,4,3,4,5,3,3,5,mixto,mixta,ingenieria-de-software
4,3,3,2,2,4,2,5,1,1,3,3,2,4,4,4,1,5,mixto,mixta,ingenieria-de-software
5,2,2,2,2,4,2,5,2,2,1,4,2,5,4,5,3,5,oficina,mixta,ingenieria-de-software
5,2,2,2,2,4,3,5,2,2,3,4,2,4,4,4,3,5,oficina,virtual,ingenieria-de-software
5,2,2,2,3,4,2,5,1,1,2,4,3,4,3,4,2,5,mixto,mixta,ingenieria-de-software
5,2,2,3,2,5,2,5,1,1,3,5,3,4,5,3,2,5,oficina,virtual,ingenieria-de-software
5,2,3,2,2,4,2,5,1,2,3,4,3,5,4,4,3,5,mixto,mixta,ingenieria-de-software
5,4,2,2,3,3,2,5,2,2,3,4,3,4,4,4,2,5,oficina,virtual,ingenieria-de-software
5,2,2,1,2,5,2,5,2,4,2,5,1,4,4,3,1,5,oficina,mixta,ingenieria-de-software
5,2,3,3,2,3,2,5,2,2,2,4,1,3,4,4,3,4,oficina,mixta,ingenieria-de-software
5,3,2,2,2,3,3,5,1,2,1,4,2,5,4,4,1,5,mixto,mixta,ingenieria-de-software
5,2,2,1,2,5,3,4,2,2,3,4,2,5,3,3,2,5,oficina,mixta,ingenieria-de-software
5,2,3,2,2,5,3,4,2,3,2,4,3,4,3,4,3,5,oficina,virtual,ingenieria-de-software
5,1,1,3,1,4,2,5,2,1,2,4,2,4,4,4,2,5,oficina,virtual,ingenieria-de-software
5,2,3,2,2,4,2,5,2,2,2,3,1,5,3,4,1,5,oficina,virtual,ingenieria-de-software
5,2,2,3,1,4,2,5,3,2,2,4,1,5,4,4,3,4,mixto,virtual,ingenieria-de-software
5,2,1,2,2,4,2,5,1,2,2,5,3,4,4,4,2,5,oficina,mixta,ingenieria-de-software
4,2,2,3,3,5,3,5,3,2,2,4,2,3,3,5,3,4,oficina,virtual,ingenieria-de-software
5,1,2,1,2,4,2,4,2,2,2,4,2,5,5,4,2,5,mixto,virtual,ingenieria-de-software
5,2,2,2,1,3,2,4,1,1,2,4,2,5,3,5,2,5,oficina,virtual,ingenieria-de-software
5,2,3,2,1,5,2,5,2,2,2,4,2,4,3,4,3,5,mixto,virtual,ingenieria-de-software
5,2,1,2,1,4,3,5,1,2,2,2,3,4,4,4,3,5,mixto,virtual,ingenieria-de-software
5,3,3,2,2,3,3,5,3,2,1,4,3,3,3,5,2,4,oficina,virtual,ingenieria-de-software
5,2,3,1,2,4,2,4,2,2,1,4,2,3,4,4,2,5,oficina,mixta,ingenieria-de-software
5,2,3,2,2,4,2,5,3,1,2,4,2,4,3,4,1,5,mixto,mixta,ingenieria-de-software
3,3,2,3,3,4,1,4,3,1,2,4,2,5,4,5,3,5,mixto,mixta,ingenieria-de-software
5,2,3,2,4,5,2,5,3,1,1,4,2,3,4,4,2,5,oficina,mixta,ingenieria-de-software
5,2,2,2,3,4,2,5,3,2,2,4,2,4,3,4,2,5,mixto,virtual,ingenieria-de-software
5,1,2,1,1,4,2,5,2,2,3,4,1,4,3,3,2,3,mixto,virtual,ingenieria-de-software
4,1,2,2,2,5,4,5,2,2,1,5,1,4,4,4,3,5,oficina,virtual,ingenieria-de-software
4,2,2,1,3,3,2,5,1,3,2,3,2,5,3,4,3,5,mixto,virtual,ingenieria-de-software
5,2,3,3,2,4,2,5,1,2,2,5,2,3,4,4,2,5,mixto,mixta,ingenieria-de-software
5,3,3,2,2,3,2,5,3,3,2,3,2,4,4,3,3,5,oficina,virtual,ingenieria-de-software
4,3,2,3,2,5,1,5,2,2,3,4,2,5,4,4,2,5,mixto,mixta,ingenieria-de-software
5,3,2,2,3,5,2,5,2,2,3,5,3,4,3,5,4,4,mixto,virtual,ingenieria-de-software
4,2,2,3,5,4,2,5,1,2,2,2,3,3,4,4,3,5,mixto,mixta,ingenieria-de-software
5,1,1,3,2,4,2,4,2,3,3,4,3,4,5,4,1,5,mixto,mixta,ingenieria-de-software
5,2,2,2,3,5,2,5,2,2,2,4,1,3,3,4,3,5,oficina,mixta,ingenieria-de-software
5,1,2,2,2,4,2,5,2,1,2,4,3,4,3,3,3,5,mixto,mixta,ingenieria-de-software
5,3,2,1,2,3,3,5,2,2,2,5,2,4,4,3,3,5,oficina,mixta,ingenieria-de-software
5,2,2,2,2,4,2,5,2,2,2,5,2,4,4,4,3,5,oficina,mixta,ingenieria-de-software
5,2,2,2,2,4,1,5,2,2,2,4,3,4,4,5,2,4,mixto,virtual,ingenieria-de-software
5,3,2,2,3,4,2,4,2,1,3,4,3,5,3,4,1,5,oficina,virtual,ingenieria-de-software
5,3,2,1,3,3,3,5,3,1,3,5,4,4,3,4,2,4,oficina,mixta,ingenieria-de-software
5,1,2,2,3,4,2,5,2,3,4,3,2,4,4,4,2,5,oficina,virtual,ingenieria-de-software
5,2,3,1,2,4,2,5,2,2,3,3,3,5,4,5,1,5,oficina,mixta,ingenieria-de-software
5,1,3,2,3,4,2,5,2,2,3,4,3,5,5,4,2,5,oficina,virtual,ingenieria-de-software
5,3,1,3,2,4,3,5,2,1,3,4,3,4,3,4,2,5,oficina,mixta,ingenieria-de-software
5,3,2,1,2,5,2,5,2,3,2,5,2,4,4,4,2,4,mixto,virtual,ingenieria-de-software
5,2,2,3,4,4,3,5,2,2,1,5,2,3,3,4,2,5,mixto,virtual,ingenieria-de-software
5,2,3,2,2,3,2,5,2,3,2,5,2,5,3,4,3,5,oficina,virtual,ingenieria-de-software
5,2,3,3,2,3,3,5,2,3,3,3,2,3,3,4,2,4,oficina,virtual,ingenieria-de-software
5,2,2,1,2,4,3,5,3,1,2,5,2,4,4,5,2,4,mixto,mixta,ingenieria-de-software
4,4,2,2,2,4,2,5,2,2,2,4,3,5,4,5,3,5,mixto,mixta,ingenieria-de-software
4,2,3,3,2,3,3,5,2,1,2,4,2,4,4,4,1,5,oficina,mixta,ingenieria-de-software
5,2,2,3,2,3,3,5,2,3,2,4,2,4,3,4,2,5,oficina,mixta,ingenieria-de-software
5,2,3,1,1,5,2,5,2,2,2,5,2,5,4,3,3,5,mixto,mixta,ingenieria-de-software
4,3,2,2,1,3,2,4,2,3,2,5,3,4,4,3,2,4,oficina,mixta,ingenieria-de-software
5,2,2,3,2,3,3,4,2,2,3,3,2,4,3,4,2,5,mixto,virtual,ingenieria-de-software
5,2,2,3,3,4,2,5,2,2,2,5,3,5,4,4,2,5,oficina,mixta,ingenieria-de-software
4,3,3,2,2,4,2,4,1,2,2,5,3,3,3,4,1,5,oficina,virtual,ingenieria-de-software
4,2,3,3,3,5,1,5,3,2,3,4,2,3,5,4,3,5,mixto,virtual,ingenieria-de-software
5,3,1,3,2,4,2,5,3,3,2,4,2,3,4,4,2,5,mixto,virtual,ingenieria-de-software
5,4,1,1,3,4,2,4,2,2,1,4,1,4,5,4,2,4,mixto,virtual,ingenieria-de-software
4,2,3,1,2,4,3,5,2,1,3,5,1,5,5,3,2,5,oficina,virtual,ingenieria-de-software
4,3,2,1,2,5,2,5,1,2,2,4,2,3,4,4,2,5,oficina,mixta,ingenieria-de-software
4,2,1,2,1,5,1,5,1,2,3,4,1,4,2,3,1,5,mixto,mixta,ingenieria-de-software
5,2,2,2,2,5,2,5,2,3,3,5,3,3,5,3,2,5,oficina,virtual,ingenieria-de-software
5,2,2,3,4,4,2,5,1,3,3,4,2,5,5,5,3,4,oficina,virtual,ingenieria-de-software
4,3,2,2,2,4,2,5,2,2,2,3,2,4,3,4,1,5,mixto,mixta,ingenieria-de-software
4,2,2,2,2,4,1,4,2,2,3,4,2,4,3,4,1,5,oficina,virtual,ingenieria-de-software
5,2,2,3,2,4,2,5,2,3,3,4,1,3,4,4,2,5,oficina,mixta,ingenieria-de-software
5,2,3,3,2,4,3,5,1,2,3,3,2,4,5,5,2,4,mixto,mixta,ingenieria-de-software
4,3,2,1,1,5,1,3,1,3,4,4,2,4,4,5,2,5,mixto,mixta,ingenieria-de-software
5,2,2,2,2,5,2,5,3,2,2,4,2,4,4,4,1,4,oficina,virtual,ingenieria-de-software
5,2,3,4,3,3,3,4,1,2,2,4,1,3,4,4,3,5,mixto,virtual,ingenieria-de-software
3,2,2,1,2,4,1,4,1,3,2,5,2,5,3,3,2,4,oficina,virtual,ciencia-de-datos
3,2,2,2,2,4,1,4,2,2,2,5,2,5,3,4,1,3,oficina,mixta,ciencia-de-datos
5,2,2,3,1,5,2,4,1,1,2,5,2,4,3,3,2,4,laboratorio,virtual,ciencia-de-datos
5,2,2,4,2,5,1,4,2,2,3,5,2,4,3,4,2,5,laboratorio,virtual,ciencia-de-datos
4,2,2,2,4,4,3,3,1,4,2,5,2,3,3,3,3,4,laboratorio,virtual,ciencia-de-datos
4,2,2,3,3,4,2,3,1,1,4,4,2,4,3,5,2,4,laboratorio,virtual,ciencia-de-datos
4,3,3,2,2,5,2,5,1,4,3,4,3,5,2,4,3,4,laboratorio,virtual,ciencia-de-datos
4,2,3,2,2,4,2,4,3,2,2,4,2,4,3,3,2,4,laboratorio,mixta,ciencia-de-datos
4,1,2,1,3,5,3,4,3,2,3,5,2,4,3,4,1,4,laboratorio,virtual,ciencia-de-datos
5,2,1,2,1,5,1,3,2,2,3,4,2,4,4,4,2,5,laboratorio,mixta,ciencia-de-datos
5,2,2,2,1,5,2,4,1,1,2,5,1,5,4,4,1,3,laboratorio,mixta,ciencia-de-datos
5,3,2,3,2,5,3,4,2,3,2,5,2,4,4,5,1,5,laboratorio,virtual,ciencia-de-datos
4,3,3,3,3,5,2,5,2,2,2,5,3,4,3,4,2,3,laboratorio,virtual,ciencia-de-datos
4,2,2,2,3,5,1,5,2,1,3,5,3,4,3,4,1,4,laboratorio,mixta,ciencia-de-datos
4,3,3,1,1,4,4,3,4,2,3,5,3,5,4,4,3,4,oficina,mixta,ciencia-de-datos
4,2,3,2,3,5,3,5,1,3,2,4,2,4,3,4,3,5,laboratorio,virtual,ciencia-de-datos
3,2,1,2,3,5,4,4,2,1,2,4,1,5,2,3,3,4,laboratorio,virtual,ciencia-de-datos
5,3,3,1,3,4,3,5,2,3,1,5,3,4,3,4,1,3,laboratorio,virtual,ciencia-de-datos
4,2,2,2,2,5,2,3,1,3,3,5,3,3,2,4,2,4,laboratorio,mixta,ciencia-de-datos
3,2,1,2,1,5,2,4,2,3,2,4,2,4,4,4,2,4,oficina,mixta,ciencia-de-datos
4,2,2,2,3,5,2,4,1,2,3,4,2,4,3,4,2,4,oficina,mixta,ciencia-de-datos
4,3,2,1,3,5,1,4,2,3,2,5,1,3,4,4,3,3,oficina,virtual,ciencia-de-datos
4,2,2,3,3,5,2,4,2,1,2,5,2,4,2,4,3,3,oficina,virtual,ciencia-de-datos
4,3,3,2,3,5,3,3,2,2,2,5,3,3,2,3,2,4,laboratorio,mixta,ciencia-de-datos
4,3,2,2,3,5,3,4,1,3,4,5,1,5,4,5,3,4,laboratorio,virtual,ciencia-de-datos
4,2,2,2,2,5,3,5,3,3,3,5,2,4,3,5,1,4,laboratorio,virtual,ciencia-de-datos
4,3,2,3,1,5,3,4,2,2,3,5,2,4,2,4,2,4,oficina,virtual,ciencia-de-datos
4,3,4,2,1,5,2,4,1,3,3,4,4,4,3,5,1,3,laboratorio,virtual,ciencia-de-datos
4,2,2,1,2,5,3,4,1,2,4,4,2,4,3,5,1,4,oficina,virtual,ciencia-de-datos
4,1,2,1,2,4,2,3,2,3,2,5,2,4,2,5,1,4,oficina,mixta,ciencia-de-datos
3,3,2,4,2,4,2,4,3,1,1,4,3,4,3,4,2,5,laboratorio,virtual,ciencia-de-datos
4,2,2,2,4,5,2,3,2,3,3,5,3,3,3,4,3,4,oficina,virtual,ciencia-de-datos
4,2,2,3,1,5,2,5,2,2,2,5,2,4,3,4,1,5,laboratorio,virtual,ciencia-de-datos
4,1,3,2,1,4,2,4,2,2,2,5,1,4,3,3,2,4,laboratorio,virtual,ciencia-de-datos
4,1,2,3,2,3,3,4,3,2,3,4,3,4,3,4,2,5,oficina,mixta,ciencia-de-datos
4,2,3,3,2,5,3,5,1,2,2,5,2,4,4,2,2,4,laboratorio,mixta,ciencia-de-datos
3,3,2,3,3,5,2,4,2,3,2,5,3,5,3,4,2,3,oficina,mixta,ciencia-de-datos
5,2,3,2,2,5,2,4,2,2,2,5,3,5,3,4,2,4,oficina,mixta,ciencia-de-datos
5,3,2,3,1,5,2,5,3,3,2,4,1,3,3,3,2,3,oficina,mixta,ciencia-de-datos
3,3,2,2,2,5,2,4,2,2,2,5,1,5,3,5,3,4,laboratorio,mixta,ciencia-de-datos
4,2,2,2,3,5,2,3,2,2,2,4,2,4,4,2,2,4,oficina,virtual,ciencia-de-datos
3,1,2,2,2,5,3,3,3,3,2,4,2,4,3,4,2,4,oficina,mixta,ciencia-de-datos
4,2,2,2,2,5,2,4,3,2,2,5,3,4,3,4,2,3,oficina,mixta,ciencia-de-datos
5,2,2,2,2,5,3,3,2,3,2,5,2,4,3,4,2,4,laboratorio,mixta,ciencia-de-datos
4,3,3,2,3,5,2,3,1,2,2,5,3,3,3,5,2,5,laboratorio,virtual,ciencia-de-datos
4,2,2,2,2,5,1,3,3,2,2,5,3,4,2,4,3,4,laboratorio,virtual,ciencia-de-datos
4,1,2,2,3,5,3,5,2,2,2,5,2,4,2,3,2,4,oficina,virtual,ciencia-de-datos
4,3,3,2,2,5,2,3,1,3,1,5,2,4,3,4,3,3,laboratorio,virtual,ciencia-de-datos
5,2,2,3,3,5,3,5,3,1,3,5,1,5,3,3,2,4,laboratorio,virtual,ciencia-de-datos
3,2,1,1,3,5,2,4,2,3,3,5,2,5,3,4,1,3,oficina,mixta,ciencia-de-datos
4,2,2,3,2,5,3,5,1,2,3,5,2,4,4,4,2,4,oficina,virtual,ciencia-de-datos
4,3,2,1,2,5,2,3,1,3,2,4,2,4,3,4,2,3,oficina,virtual,ciencia-de-datos
4,2,4,3,2,5,1,3,3,2,2,5,3,3,3,5,1,4,oficina,mixta,ciencia-de-datos
4,3,2,2,1,4,2,4,1,3,2,4,3,4,2,5,3,5,oficina,virtual,ciencia-de-datos
4,2,2,3,1,4,2,4,3,2,2,5,3,4,3,4,2,4,oficina,virtual,ciencia-de-datos
2,2,2,3,2,5,3,4,2,3,2,5,2,5,3,4,1,4,laboratorio,mixta,ciencia-de-datos
4,2,1,1,2,5,3,5,1,2,2,5,3,3,1,4,2,4,laboratorio,mixta,ciencia-de-datos
4,2,3,1,2,5,3,4,2,2,3,5,2,5,4,4,1,4,oficina,mixta,ciencia-de-datos
3,2,3,2,2,5,2,5,2,2,1,5,2,4,2,4,1,5,oficina,virtual,ciencia-de-datos
4,2,2,2,3,5,1,4,3,2,2,4,3,4,3,5,2,5,oficina,virtual,ciencia-de-datos
5,2,2,2,2,5,2,5,2,3,3,5,2,4,3,3,1,4,oficina,mixta,ciencia-de-datos
4,2,3,3,2,5,2,4,2,1,3,5,3,3,3,4,3,3,laboratorio,virtual,ciencia-de-datos
3,2,2,3,2,5,2,4,1,3,2,5,3,5,4,4,2,4,oficina,mixta,ciencia-de-datos
3,2,2,3,2,5,2,4,2,3,2,4,2,4,3,5,3,3,oficina,virtual,ciencia-de-datos
4,4,3,2,2,5,3,4,1,4,2,5,3,4,3,4,1,4,laboratorio,virtual,ciencia-de-datos
4,2,3,3,3,4,2,4,2,3,3,5,2,3,3,4,2,3,oficina,mixta,ciencia-de-datos
4,2,2,2,2,5,2,5,2,2,1,5,3,4,3,3,2,3,oficina,virtual,ciencia-de-datos
5,2,2,1,2,5,2,4,2,2,4,5,3,5,3,3,2,4,oficina,virtual,ciencia-de-datos
4,2,2,2,2,5,2,4,2,2,2,5,2,4,2,3,2,4,laboratorio,virtual,ciencia-de-datos
4,3,3,2,3,5,2,4,2,3,3,5,2,3,3,3,1,3,oficina,virtual,ciencia-de-datos
4,2,2,1,2,5,1,4,2,2,1,4,1,4,4,4,3,4,laboratorio,mixta,ciencia-de-datos
4,2,3,1,1,5,3,3,1,2,2,5,3,3,3,5,3,5,oficina,mixta,ciencia-de-datos
4,1,2,3,2,5,2,4,1,3,3,5,1,4,3,3,2,2,laboratorio,mixta,ciencia-de-datos
4,1,1,2,3,5,3,4,2,2,2,4,1,4,3,3,1,4,oficina,mixta,ciencia-de-datos
3,3,2,2,3,5,3,4,3,3,2,5,1,3,2,4,2,3,oficina,virtual,ciencia-de-datos
4,2,3,2,3,4,3,4,3,1,2,5,2,4,3,3,1,3,oficina,virtual,ciencia-de-datos
3,2,3,2,1,5,3,5,2,2,2,4,1,4,2,4,2,4,oficina,mixta,ciencia-de-datos
4,2,2,3,2,4,3,5,2,3,3,4,2,3,4,3,3,4,laboratorio,virtual,ciencia-de-datos
4,2,1,3,2,5,1,4,2,1,1,5,2,5,3,3,3,3,oficina,mixta,ciencia-de-datos
4,2,3,3,3,5,2,5,2,3,2,5,3,4,3,4,2,5,oficina,mixta,ciencia-de-datos
4,2,2,3,2,5,2,3,3,2,3,5,3,4,2,3,2,5,laboratorio,mixta,ciencia-de-datos
5,3,3,2,3,5,2,4,2,2,2,4,2,4,3,4,2,4,oficina,mixta,ciencia-de-datos
5,2,2,4,2,5,3,5,1,2,2,5,1,4,4,3,1,3,oficina,mixta,ciencia-de-datos
4,2,2,2,1,5,2,4,3,1,3,5,1,4,2,4,2,5,oficina,virtual,ciencia-de-datos
4,2,1,1,2,4,1,4,2,3,2,4,3,3,2,4,2,4,oficina,mixta,ciencia-de-datos
5,2,2,2,2,5,2,4,2,4,1,5,2,4,2,4,2,5,oficina,mixta,ciencia-de-datos
5,2,1,2,2,5,3,3,2,3,3,5,2,4,2,3,2,4,laboratorio,mixta,ciencia-de-datos
5,1,4,2,3,4,2,4,2,2,1,5,2,4,4,4,2,5,laboratorio,mixta,ciencia-de-datos
3,2,3,3,2,5,1,4,2,1,2,5,2,5,3,3,3,3,oficina,mixta,ciencia-de-datos
4,3,2,2,2,5,2,3,2,1,3,5,2,4,3,3,3,3,oficina,mixta,ciencia-de-datos
5,3,3,2,2,5,2,4,2,2,2,5,2,3,2,5,4,4,laboratorio,virtual,ciencia-de-datos
5,3,2,1,3,5,2,3,2,1,3,5,2,5,2,4,1,3,oficina,virtual,ciencia-de-datos
4,2,2,2,2,5,3,4,1,2,1,5,2,5,4,5,3,5,oficina,mixta,ciencia-de-datos
4,2,2,1,3,5,3,5,2,2,2,4,2,5,5,4,2,4,oficina,virtual,ciencia-de-datos
5,1,2,2,1,5,1,4,2,2,2,5,2,4,3,3,2,4,laboratorio,virtual,ciencia-de-datos
4,1,2,3,2,5,3,4,2,2,2,4,3,4,5,4,2,4,oficina,mixta,ciencia-de-datos
5,2,2,2,3,5,2,3,1,2,2,5,2,4,3,4,1,3,laboratorio,virtual,ciencia-de-datos
5,1,3,2,2,5,2,4,2,1,2,5,1,4,2,2,1,4,laboratorio,virtual,ciencia-de-datos
5,1,2,2,3,5,2,3,1,4,1,5,3,4,3,4,1,4,laboratorio,virtual,ciencia-de-datos
5,3,3,2,1,4,4,3,2,2,3,5,2,4,3,5,3,3,oficina,mixta,ciencia-de-datos
4,4,3,2,2,5,2,4,2,1,2,5,3,3,4,4,2,3,laboratorio,mixta,ciencia-de-datos
4,2,2,3,1,5,3,4,2,1,2,5,2,4,4,4,3,4,laboratorio,mixta,ciencia-de-datos
4,2,2,2,2,5,2,4,2,1,3,5,2,4,2,4,2,5,oficina,mixta,ciencia-de-datos
3,3,1,2,2,5,1,5,3,2,2,5,3,3,3,3,2,4,oficina,mixta,ciencia-de-datos
5,2,3,1,3,5,2,4,1,2,3,5,2,3,2,3,3,4,oficina,mixta,ciencia-de-datos
3,2,2,2,2,5,2,4,2,2,2,5,2,5,3,4,2,4,laboratorio,mixta,ciencia-de-datos
4,2,2,3,2,5,2,4,3,2,3,5,2,3,3,4,3,3,oficina,virtual,ciencia-de-datos
5,3,1,3,2,5,2,4,2,3,2,5,2,5,3,4,2,3,oficina,virtual,ciencia-de-datos
4,2,2,4,2,5,2,3,2,2,2,5,3,4,3,5,2,4,laboratorio,mixta,ciencia-de-datos
5,3,2,3,3,4,2,4,1,1,2,5,2,4,2,3,3,4,laboratorio,virtual,ciencia-de-datos
4,2,2,2,3,5,2,3,2,3,2,5,1,5,4,4,1,4,laboratorio,mixta,ciencia-de-datos
4,2,2,3,3,5,3,3,2,3,2,5,1,4,3,4,2,4,oficina,mixta,ciencia-de-datos
4,2,2,2,1,5,2,3,2,2,1,5,2,5,3,3,2,4,oficina,mixta,ciencia-de-datos
4,3,1,3,3,4,1,4,2,2,2,4,2,4,3,3,2,5,laboratorio,virtual,ciencia-de-datos
4,1,3,3,2,4,2,5,2,2,2,4,3,3,4,4,3,4,laboratorio,mixta,ciencia-de-datos
3,2,2,2,1,4,3,4,1,3,2,5,2,4,3,4,3,4,laboratorio,mixta,ciencia-de-datos
5,3,2,2,2,5,2,4,2,2,3,3,3,5,2,4,3,3,oficina,mixta,ciencia-de-datos
4,2,3,4,3,5,2,4,3,2,2,5,3,4,3,3,1,4,oficina,virtual,ciencia-de-datos
3,3,2,3,3,5,2,4,2,4,3,5,2,5,3,3,2,5,oficina,mixta,ciencia-de-datos
4,1,2,2,2,5,2,4,1,2,3,5,2,5,3,4,3,5,oficina,mixta,ciencia-de-datos
4,2,2,2,1,5,2,4,3,2,2,5,2,4,2,3,2,4,oficina,mixta,ciencia-de-datos
4,3,2,4,2,5,2,4,3,4,2,5,2,5,3,3,1,4,oficina,mixta,ciencia-de-datos
4,2,2,1,2,5,2,3,1,2,3,5,2,4,3,5,4,3,laboratorio,virtual,ciencia-de-datos
4,2,1,1,3,5,2,5,2,2,2,5,2,3,4,5,3,3,oficina,mixta,ciencia-de-datos
4,2,2,1,2,5,2,4,3,2,3,5,3,4,4,3,2,4,laboratorio,mixta,ciencia-de-datos
4,3,2,2,3,5,3,4,3,2,1,5,3,4,2,3,2,5,oficina,virtual,ciencia-de-datos
4,2,2,1,2,4,3,5,3,3,2,4,2,4,2,5,2,4,laboratorio,mixta,ciencia-de-datos
5,3,2,3,2,5,2,4,2,2,1,5,2,4,3,4,2,5,oficina,virtual,ciencia-de-datos
5,2,2,2,1,4,3,5,2,2,2,5,2,4,2,5,1,4,oficina,mixta,ciencia-de-datos
4,2,3,3,2,5,2,4,2,2,2,5,2,4,2,3,3,4,laboratorio,mixta,ciencia-de-datos
3,1,2,3,2,5,2,3,2,3,2,5,1,4,4,4,1,3,laboratorio,virtual,ciencia-de-datos
4,2,2,1,3,5,1,4,2,2,2,4,2,4,4,4,2,4,laboratorio,mixta,ciencia-de-datos
4,1,2,1,1,5,2,4,2,1,2,5,3,4,3,5,2,5,laboratorio,virtual,ciencia-de-datos
4,3,3,2,3,5,3,4,2,2,3,5,2,3,3,4,1,5,laboratorio,virtual,ciencia-de-datos
4,1,2,3,2,4,3,3,1,3,2,4,1,5,3,4,3,5,laboratorio,virtual,ciencia-de-datos
4,2,2,2,2,5,2,4,3,3,2,5,2,4,2,5,1,4,laboratorio,mixta,ciencia-de-datos
4,2,2,3,1,5,2,4,2,3,3,4,3,4,3,4,2,5,oficina,virtual,ciencia-de-datos
4,3,2,3,3,5,3,3,3,1,2,5,3,4,3,4,3,4,oficina,mixta,ciencia-de-datos
4,3,2,3,1,5,3,5,2,3,1,5,2,4,3,5,2,4,laboratorio,virtual,ciencia-de-datos
5,2,2,2,2,5,3,4,1,2,3,5,2,4,3,4,2,5,laboratorio,virtual,ciencia-de-datos
4,2,2,1,1,5,3,5,2,2,2,5,2,5,4,5,1,4,laboratorio,mixta,ciencia-de-datos
3,3,3,2,3,5,1,4,2,2,2,4,3,4,3,4,2,5,oficina,virtual,ciencia-de-datos
4,3,3,1,2,4,2,4,3,2,3,5,1,4,3,4,2,5,oficina,mixta,ciencia-de-datos
4,1,3,3,2,5,1,4,3,3,2,4,2,5,5,4,2,4,laboratorio,mixta,ciencia-de-datos
5,2,3,2,3,5,3,4,2,2,2,4,2,4,3,4,2,3,laboratorio,virtual,ciencia-de-datos
4,3,3,1,1,5,3,3,2,2,2,4,1,3,3,3,2,3,oficina,virtual,ciencia-de-datos
5,1,2,2,2,5,3,4,2,1,2,4,3,4,4,4,3,4,laboratorio,virtual,ciencia-de-datos
4,2,2,3,2,5,2,4,2,2,1,5,1,5,2,4,2,4,laboratorio,mixta,ciencia-de-datos
3,2,4,2,2,5,3,4,2,3,2,5,3,4,4,4,2,4,laboratorio,virtual,ciencia-de-datos
4,3,2,2,2,5,4,4,2,2,1,5,2,4,3,4,3,3,oficina,virtual,ciencia-de-datos
4,2,3,2,2,5,2,4,3,3,2,5,3,4,3,3,2,4,oficina,virtual,ciencia-de-datos
5,3,2,2,2,5,2,4,2,3,2,5,2,4,3,5,2,2,laboratorio,virtual,ciencia-de-datos
4,2,2,3,2,5,2,4,3,2,2,5,2,4,4,5,2,3,laboratorio,virtual,ciencia-de-datos
4,3,1,2,2,5,2,4,1,3,2,5,2,4,3,3,1,5,oficina,virtual,ciencia-de-datos
5,1,2,3,2,5,2,4,2,3,2,5,2,5,4,5,2,4,oficina,virtual,ciencia-de-datos
5,2,1,3,1,5,2,4,1,2,2,4,3,4,3,5,2,5,oficina,mixta,ciencia-de-datos
3,2,2,2,2,5,2,4,2,2,3,5,2,5,4,4,2,4,oficina,virtual,ciencia-de-datos
5,2,3,3,2,5,4,5,3,2,2,5,3,4,2,4,2,4,laboratorio,mixta,ciencia-de-datos
4,2,2,2,1,5,3,4,3,4,2,5,3,4,3,3,2,4,laboratorio,mixta,ciencia-de-datos
4,2,3,2,3,5,2,5,2,3,2,5,1,5,3,4,2,5,laboratorio,virtual,ciencia-de-datos
5,3,3,1,2,4,2,5,2,1,2,3,3,5,2,5,3,4,mixto,mixta,ciberseguridad
5,2,2,2,2,3,2,4,2,1,1,2,3,4,3,4,3,4,oficina,mixta,ciberseguridad
4,3,2,2,3,5,3,4,2,2,2,2,3,4,4,4,1,3,mixto,mixta,ciberseguridad
5,1,2,2,3,4,1,5,2,1,3,2,2,3,3,5,2,4,oficina,virtual,ciberseguridad
5,1,3,1,2,3,2,5,3,1,2,2,3,5,4,2,3,4,mixto,virtual,ciberseguridad
5,2,3,1,2,5,2,5,3,2,3,1,1,5,2,4,3,3,mixto,virtual,ciberseguridad
5,3,2,3,2,4,2,5,2,1,3,3,3,5,2,3,3,3,oficina,mixta,ciberseguridad
4,2,3,4,2,4,3,5,2,1,2,2,3,2,3,5,2,3,mixto,mixta,ciberseguridad
5,3,2,1,2,4,2,5,3,2,2,2,2,4,3,4,2,4,oficina,virtual,ciberseguridad
5,2,2,3,2,4,3,5,2,2,2,3,3,4,2,4,2,5,oficina,mixta,ciberseguridad
5,2,3,1,1,4,2,4,2,1,3,2,2,4,4,4,1,4,mixto,virtual,ciberseguridad
4,2,3,2,2,3,2,5,2,1,4,2,2,3,3,5,2,4,mixto,virtual,ciberseguridad
5,3,3,1,2,4,3,5,2,1,2,1,1,4,4,4,2,5,oficina,mixta,ciberseguridad
5,2,2,2,1,4,2,4,2,1,2,3,3,4,4,4,2,4,oficina,mixta,ciberseguridad
5,2,2,1,1,4,2,5,1,2,2,3,2,4,4,4,2,5,oficina,virtual,ciberseguridad
5,3,2,2,2,5,3,5,2,1,2,2,2,4,3,5,2,4,oficina,virtual,ciberseguridad
5,2,2,2,1,5,2,4,4,1,2,1,1,5,2,5,2,2,mixto,virtual,ciberseguridad
4,2,2,2,3,4,2,5,1,1,2,2,2,3,2,5,2,5,mixto,mixta,ciberseguridad
5,2,3,2,2,4,2,5,2,1,1,1,3,4,4,3,1,3,mixto,mixta,ciberseguridad
5,2,4,2,1,3,2,4,2,1,2,2,2,3,4,5,2,5,oficina,virtual,ciberseguridad
5,2,2,3,2,4,1,5,3,1,3,2,3,4,3,4,2,3,oficina,virtual,ciberseguridad
5,2,2,2,2,5,1,5,1,1,2,2,3,4,3,4,2,4,mixto,virtual,ciberseguridad
5,1,1,4,2,3,3,4,2,1,4,1,2,4,2,4,1,4,oficina,virtual,ciberseguridad
4,2,2,2,3,5,1,5,2,1,3,3,2,4,4,3,3,4,oficina,virtual,ciberseguridad
4,2,2,1,1,5,2,4,3,2,3,2,2,5,2,4,2,4,mixto,mixta,ciberseguridad
5,2,2,2,2,5,2,5,3,1,2,2,1,5,4,4,2,4,oficina,mixta,ciberseguridad
5,3,3,2,2,3,3,4,1,1,2,3,1,5,3,3,3,3,oficina,virtual,ciberseguridad
5,2,2,2,2,4,2,5,3,2,3,2,1,4,4,4,2,5,mixto,mixta,ciberseguridad
5,2,3,3,3,4,3,5,1,1,3,1,3,4,3,5,2,4,mixto,virtual,ciberseguridad
5,2,2,3,3,4,2,5,2,1,2,1,3,5,3,3,2,4,oficina,virtual,ciberseguridad
5,3,2,1,2,4,3,5,2,1,2,3,3,5,3,3,2,3,oficina,mixta,ciberseguridad
5,1,2,2,2,3,3,5,1,2,4,1,1,4,3,5,2,5,mixto,virtual,ciberseguridad
4,2,2,3,2,5,2,5,1,1,2,3,2,3,3,5,2,4,mixto,virtual,ciberseguridad
5,2,1,2,2,5,2,5,3,2,3,2,2,5,3,5,3,3,mixto,mixta,ciberseguridad
5,3,2,2,1,4,2,5,2,2,2,2,1,5,3,4,1,4,oficina,mixta,ciberseguridad
4,2,2,4,3,5,2,4,1,1,1,2,1,4,3,4,3,4,oficina,virtual,ciberseguridad
5,3,2,3,1,4,3,5,2,1,2,2,3,4,2,3,2,4,oficina,mixta,ciberseguridad
5,4,2,3,3,4,3,5,2,1,2,1,2,3,3,4,1,4,oficina,virtual,ciberseguridad
5,3,2,2,3,5,2,4,1,1,3,2,2,5,3,4,1,5,mixto,mixta,ciberseguridad
5,1,4,2,2,4,2,5,3,2,3,2,3,4,3,4,3,4,oficina,mixta,ciberseguridad
5,1,3,1,2,3,2,5,1,2,2,2,2,5,3,4,3,4,mixto,virtual,ciberseguridad
5,2,2,3,1,4,2,5,2,2,1,2,3,3,3,5,3,5,mixto,virtual,ciberseguridad
5,1,2,3,2,3,3,4,2,1,2,2,3,3,3,4,2,3,mixto,virtual,ciberseguridad
4,3,2,3,1,4,2,5,2,1,2,2,1,3,2,4,2,4,oficina,virtual,ciberseguridad
5,2,3,2,2,5,3,5,2,1,2,3,3,4,3,4,1,4,mixto,virtual,ciberseguridad
4,2,3,3,1,4,2,5,3,1,2,1,2,3,3,3,2,3,oficina,mixta,ciberseguridad
5,3,2,3,1,5,2,5,1,2,2,2,2,3,3,3,2,4,mixto,virtual,ciberseguridad
5,3,2,2,3,5,1,5,3,1,2,2,3,4,3,4,1,4,oficina,virtual,ciberseguridad
5,2,2,2,2,4,2,4,2,1,3,2,1,4,4,4,3,4,oficina,virtual,ciberseguridad
4,3,3,1,2,3,2,5,2,1,3,3,1,5,3,4,2,5,oficina,virtual,ciberseguridad
4,2,2,3,3,4,3,5,3,1,2,3,2,3,3,4,2,3,mixto,mixta,ciberseguridad
5,1,1,3,3,4,2,5,1,2,3,3,2,4,4,3,3,4,oficina,mixta,ciberseguridad
4,3,2,1,2,3,2,5,1,1,4,2,2,3,3,5,2,4,mixto,virtual,ciberseguridad
5,2,2,3,2,4,3,5,2,1,3,2,1,4,4,4,2,4,oficina,virtual,ciberseguridad
5,1,2,3,2,4,2,5,3,1,2,3,1,4,3,4,2,4,oficina,virtual,ciberseguridad
4,2,2,2,2,4,3,5,2,1,3,2,3,5,3,4,2,4,mixto,mixta,ciberseguridad
4,1,1,2,3,3,3,5,1,1,3,1,2,2,3,5,1,3,oficina,mixta,ciberseguridad
5,2,2,1,4,3,2,5,3,1,2,3,2,4,3,4,2,4,mixto,virtual,ciberseguridad
5,3,3,2,2,5,2,5,2,1,2,3,3,5,3,4,3,4,mixto,virtual,ciberseguridad
5,2,1,3,2,5,2,4,2,2,3,2,2,4,3,4,2,4,mixto,virtual,ciberseguridad
5,2,2,3,2,3,3,4,3,2,3,1,2,4,3,4,2,5,mixto,mixta,ciberseguridad
4,2,1,2,3,3,2,5,3,2,2,1,2,4,4,4,2,3,mixto,virtual,ciberseguridad
5,3,1,3,2,5,2,5,2,1,3,2,2,5,3,3,3,4,oficina,virtual,ciberseguridad
5,1,1,2,2,5,2,4,1,2,2,2,3,4,2,4,2,4,mixto,mixta,ciberseguridad
4,3,2,2,2,3,3,4,1,1,2,2,3,4,3,3,2,4,mixto,mixta,ciberseguridad
5,3,2,3,2,3,3,5,2,2,3,2,3,3,2,3,2,4,oficina,mixta,ciberseguridad
5,2,2,3,2,3,3,5,2,1,1,2,3,5,2,5,4,4,oficina,virtual,ciberseguridad
5,2,2,3,3,4,1,5,1,1,1,1,2,4,2,4,2,5,mixto,virtual,ciberseguridad
4,3,2,2,1,3,2,5,2,1,3,2,3,3,4,4,3,4,mixto,virtual,ciberseguridad
5,1,3,2,2,4,3,4,2,1,2,2,3,4,3,4,2,4,oficina,mixta,ciberseguridad
5,2,3,3,4,4,2,5,3,1,3,2,3,4,2,4,1,4,oficina,virtual,ciberseguridad
5,2,2,2,2,3,2,5,3,1,3,3,2,5,3,5,3,4,oficina,mixta,ciberseguridad
5,2,2,1,2,3,1,5,1,1,1,2,2,5,3,3,3,4,mixto,virtual,ciberseguridad
5,2,3,2,2,5,2,4,2,1,3,2,3,4,3,3,2,3,mixto,mixta,ciberseguridad
5,2,3,3,2,3,2,5,1,1,2,1,2,5,2,5,3,5,mixto,mixta,ciberseguridad
5,2,1,2,2,4,2,5,2,1,3,1,3,4,4,4,3,3,mixto,virtual,ciberseguridad
4,3,1,4,2,4,2,5,2,1,2,3,1,4,3,4,3,4,mixto,virtual,ciberseguridad
3,3,2,3,3,4,3,4,4,1,1,3,2,3,2,4,1,4,oficina,virtual,ciberseguridad
5,2,2,3,2,4,2,5,2,1,3,2,2,4,3,4,3,3,oficina,mixta,ciberseguridad
5,2,2,1,2,4,3,5,1,1,2,2,2,4,3,4,3,4,oficina,virtual,ciberseguridad
5,1,3,2,3,4,2,5,2,2,1,1,3,3,3,4,1,4,oficina,virtual,ciberseguridad
5,2,3,2,2,3,3,5,2,1,3,3,2,4,3,3,4,5,mixto,virtual,ciberseguridad
5,2,2,3,2,4,2,5,2,2,2,1,1,4,2,4,3,4,mixto,mixta,ciberseguridad
4,2,2,2,1,5,2,5,2,1,2,3,2,4,4,4,2,3,oficina,virtual,ciberseguridad
4,2,2,2,3,3,2,5,2,2,2,3,3,4,4,4,2,2,mixto,virtual,ciberseguridad
5,2,2,1,1,4,2,4,3,1,3,2,3,3,4,5,1,3,oficina,mixta,ciberseguridad
5,3,2,2,2,4,1,5,2,2,3,2,2,4,3,3,2,4,oficina,virtual,ciberseguridad
5,1,2,2,4,4,2,5,2,1,2,2,1,4,3,5,3,3,mixto,virtual,ciberseguridad
5,3,2,2,3,4,2,5,3,2,1,2,2,4,3,5,2,4,oficina,virtual,ciberseguridad
5,3,1,4,2,4,1,4,2,2,2,2,2,3,3,5,2,5,oficina,mixta,ciberseguridad
5,4,2,1,2,4,1,4,1,1,2,2,2,4,3,4,2,4,mixto,virtual,ciberseguridad
5,2,3,2,3,4,2,5,2,1,3,2,3,4,3,5,2,5,mixto,mixta,ciberseguridad
5,2,3,2,3,4,3,4,1,1,1,2,3,3,3,4,2,4,oficina,virtual,ciberseguridad
5,2,1,2,2,4,2,5,1,2,2,4,2,4,3,4,3,4,oficina,mixta,ciberseguridad
5,2,2,3,1,5,3,4,2,1,3,3,2,3,4,4,3,4,mixto,mixta,ciberseguridad
5,4,3,3,2,4,3,5,2,2,2,2,2,3,3,4,2,5,oficina,virtual,ciberseguridad
4,2,2,2,2,4,2,5,2,1,3,3,2,3,2,5,2,4,oficina,virtual,ciberseguridad
5,2,3,3,3,3,1,5,3,1,3,3,3,4,2,5,2,5,oficina,mixta,ciberseguridad
4,2,3,2,2,4,1,5,1,2,2,3,1,4,3,4,2,3,mixto,mixta,ciberseguridad
4,3,2,2,2,3,3,5,3,1,2,2,3,4,3,3,2,4,mixto,mixta,ciberseguridad
5,2,2,2,3,4,3,5,3,1,2,4,1,5,3,4,2,4,oficina,virtual,ciberseguridad
5,2,3,2,3,4,3,5,2,1,2,2,2,4,2,4,3,3,oficina,virtual,ciberseguridad
5,3,3,3,2,3,1,5,2,1,2,2,2,3,3,3,3,4,oficina,virtual,ciberseguridad
5,2,2,2,2,5,2,5,2,2,2,3,2,5,3,4,2,3,mixto,virtual,ciberseguridad
5,1,3,3,2,4,2,5,1,2,2,2,1,5,3,4,2,4,mixto,virtual,ciberseguridad
5,1,3,2,3,4,4,5,3,1,2,2,3,4,3,3,2,4,oficina,virtual,ciberseguridad
5,3,3,2,2,5,2,5,3,1,2,2,3,5,4,5,2,5,oficina,virtual,ciberseguridad
5,2,3,2,3,4,2,4,2,1,1,3,3,3,2,4,1,4,mixto,virtual,ciberseguridad
5,2,3,2,3,4,2,4,1,1,2,3,2,3,3,4,2,4,mixto,mixta,ciberseguridad
4,2,3,1,3,5,2,5,2,1,1,2,3,5,3,4,3,3,oficina,mixta,ciberseguridad
4,2,3,3,3,3,3,5,2,1,1,1,3,3,3,4,3,5,oficina,mixta,ciberseguridad
5,3,3,2,2,4,1,5,2,1,3,2,2,4,3,4,1,5,oficina,virtual,ciberseguridad
5,2,3,2,2,4,3,4,2,1,3,3,2,3,3,4,3,3,mixto,virtual,ciberseguridad
5,2,2,3,1,4,2,5,3,1,2,3,2,4,3,4,2,4,oficina,mixta,ciberseguridad
5,3,2,3,2,5,2,4,2,1,2,3,3,4,3,4,3,5,oficina,mixta,ciberseguridad
4,1,3,3,3,5,2,4,2,2,3,2,4,3,4,5,2,4,mixto,mixta,ciberseguridad
5,3,2,2,3,3,2,3,3,2,2,2,3,5,3,4,3,4,mixto,mixta,ciberseguridad
5,2,1,3,3,3,3,5,2,1,2,2,3,4,3,5,2,4,oficina,virtual,ciberseguridad
5,4,2,2,2,4,2,5,3,2,2,1,1,4,4,4,2,3,mixto,mixta,ciberseguridad
5,3,3,2,2,5,3,5,3,1,3,2,3,4,4,4,2,4,oficina,virtual,ciberseguridad
5,2,2,3,2,4,2,5,2,1,2,2,2,4,3,4,2,4,oficina,mixta,ciberseguridad
5,3,4,2,3,4,1,3,3,2,2,3,2,5,3,5,3,4,oficina,virtual,ciberseguridad
4,2,3,3,3,4,2,4,2,2,1,1,2,4,4,4,2,4,oficina,virtual,ciberseguridad
5,3,3,3,3,4,2,5,2,1,2,2,2,4,2,4,3,4,mixto,mixta,ciberseguridad
5,3,3,1,3,5,2,5,1,1,2,1,1,4,3,3,2,5,oficina,mixta,ciberseguridad
5,2,2,2,1,4,2,4,2,1,3,3,3,4,3,5,2,4,mixto,virtual,ciberseguridad
5,2,3,2,4,3,1,5,3,1,2,2,2,4,5,2,3,4,oficina,virtual,ciberseguridad
5,3,2,2,2,4,3,5,2,1,1,2,2,4,2,4,2,4,mixto,virtual,ciberseguridad
5,2,3,2,3,4,2,5,2,1,2,3,2,5,3,5,3,3,oficina,mixta,ciberseguridad
5,3,2,3,2,4,1,4,1,1,2,1,2,4,4,4,3,5,oficina,virtual,ciberseguridad
5,2,2,1,2,3,2,5,1,1,3,2,3,3,2,5,2,4,oficina,mixta,ciberseguridad
5,1,1,2,1,4,2,5,2,1,3,3,2,4,3,4,2,5,mixto,virtual,ciberseguridad
5,2,3,3,2,4,2,5,2,1,2,3,2,4,4,4,2,5,oficina,virtual,ciberseguridad
5,2,2,1,1,3,2,4,2,1,3,2,3,4,3,4,1,4,mixto,virtual,ciberseguridad
5,3,3,3,1,4,2,5,2,1,3,3,2,4,3,4,2,4,oficina,mixta,ciberseguridad
5,2,2,2,3,4,3,5,1,2,2,2,2,4,4,4,4,5,mixto,virtual,ciberseguridad
5,3,3,1,2,4,2,4,3,1,4,3,2,5,3,5,2,4,mixto,mixta,ciberseguridad
5,2,3,4,2,5,2,5,3,2,2,3,2,3,3,3,3,4,mixto,mixta,ciberseguridad
4,1,2,1,2,5,3,5,2,1,2,3,2,4,3,4,3,5,oficina,virtual,ciberseguridad
5,2,1,2,2,5,2,5,2,2,2,2,2,5,2,5,2,5,oficina,virtual,ciberseguridad
5,3,2,3,1,5,1,5,2,1,2,3,2,4,3,4,2,4,oficina,mixta,ciberseguridad
5,2,2,2,2,5,2,5,1,1,3,4,2,4,2,5,3,4,oficina,mixta,ciberseguridad
5,3,2,2,2,4,1,5,2,1,2,2,3,3,3,4,3,4,mixto,mixta,ciberseguridad
5,3,3,2,3,3,1,5,2,1,2,2,2,4,3,3,3,4,mixto,virtual,ciberseguridad
5,2,1,2,3,4,1,5,2,1,2,3,2,4,2,4,2,5,mixto,virtual,ciberseguridad
5,3,3,3,2,4,2,5,1,1,2,3,2,5,2,3,2,4,mixto,mixta,ciberseguridad
5,1,1,2,3,5,1,5,2,1,2,2,2,3,2,4,2,4,oficina,mixta,ciberseguridad
5,3,3,3,2,5,2,4,2,1,2,1,2,4,3,5,3,5,oficina,virtual,ciberseguridad
4,1,2,2,2,4,3,5,2,2,2,3,2,4,3,5,1,4,oficina,mixta,ciberseguridad
4,3,3,2,2,5,2,5,1,1,2,3,2,5,4,4,2,5,mixto,virtual,ciberseguridad
5,2,3,2,3,4,4,5,2,1,2,2,2,4,4,4,1,5,mixto,mixta,ciberseguridad
4,2,3,3,1,4,2,5,3,1,1,2,2,4,3,4,3,3,mixto,mixta,ciberseguridad
5,2,2,3,1,4,2,3,2,2,2,1,2,4,4,3,3,3,oficina,mixta,ciberseguridad
5,3,2,2,2,4,2,5,3,1,2,2,2,4,3,5,1,5,mixto,virtual,ciberseguridad
5,3,1,2,2,4,3,5,1,2,2,2,3,4,4,4,3,4,mixto,mixta,ciberseguridad
5,3,2,2,3,5,3,5,2,1,2,3,3,5,3,4,2,5,mixto,mixta,ciberseguridad
5,2,3,3,2,4,3,4,2,1,2,2,3,4,4,3,2,3,mixto,virtual,ciberseguridad
4,3,2,2,2,4,2,5,2,2,1,2,3,5,2,4,2,3,oficina,virtual,ciberseguridad
5,2,1,1,3,3,2,5,1,1,2,3,2,4,3,4,3,4,mixto,mixta,ciberseguridad
5,2,3,1,2,5,4,5,3,1,2,2,2,4,3,4,2,4,mixto,virtual,ciberseguridad
2,5,1,3,1,2,2,2,4,5,1,3,3,2,3,4,5,2,campo,mixta,psicologia
3,5,2,3,3,2,2,3,4,5,3,2,3,2,3,3,5,1,mixto,presencial,psicologia
3,5,2,3,2,2,2,2,3,5,1,1,3,2,2,4,4,3,mixto,mixta,psicologia
3,4,3,3,1,3,3,2,5,5,2,2,2,3,4,3,5,1,campo,mixta,psicologia
3,5,1,3,2,1,1,3,5,5,3,2,2,2,2,3,4,1,campo,mixta,psicologia
2,4,3,3,3,3,3,2,4,5,2,2,2,2,2,4,4,2,mixto,mixta,psicologia
2,5,3,3,3,2,3,3,4,5,1,1,3,4,3,4,4,1,campo,mixta,psicologia
1,5,3,3,2,4,2,1,5,5,1,3,2,2,3,4,3,2,campo,presencial,psicologia
3,4,1,3,3,2,2,3,5,5,2,2,2,1,3,4,3,2,mixto,presencial,psicologia
3,5,2,3,2,3,1,1,4,5,2,3,3,2,3,5,4,2,mixto,presencial,psicologia
2,4,3,3,2,2,2,1,4,5,3,2,3,2,2,4,4,2,mixto,mixta,psicologia
4,5,2,3,2,2,3,1,4,5,2,3,1,2,3,3,4,2,mixto,mixta,psicologia
3,5,2,3,4,3,2,3,4,5,2,2,2,2,3,3,4,3,mixto,mixta,psicologia
2,5,2,4,2,2,2,2,4,4,2,3,2,3,4,4,5,2,campo,mixta,psicologia
3,5,2,3,2,2,2,1,3,5,3,3,3,3,4,4,5,3,campo,presencial,psicologia
2,5,2,3,1,3,2,2,2,5,2,2,3,2,3,3,4,2,campo,presencial,psicologia
1,5,3,3,2,1,2,2,4,5,2,2,3,2,3,4,5,2,mixto,mixta,psicologia
2,4,3,3,3,2,2,3,4,5,2,1,1,2,3,4,4,2,mixto,presencial,psicologia
3,5,2,4,3,3,3,1,4,5,3,2,2,3,4,3,5,2,campo,presencial,psicologia
2,5,2,2,3,2,3,2,5,5,1,2,2,2,2,4,3,2,campo,mixta,psicologia
2,4,2,3,3,2,2,2,4,5,2,2,3,3,4,4,4,2,mixto,mixta,psicologia
3,5,2,3,2,3,3,2,5,5,2,2,3,1,4,4,4,2,mixto,presencial,psicologia
3,5,4,4,2,2,4,1,5,5,2,2,2,2,3,5,5,3,campo,mixta,psicologia
2,5,3,3,2,2,3,2,3,5,2,3,3,2,3,4,4,2,mixto,mixta,psicologia
4,5,2,2,1,2,2,3,4,5,3,3,2,3,4,5,3,1,campo,mixta,psicologia
3,5,2,3,1,2,2,2,4,5,2,2,2,3,3,4,4,2,mixto,presencial,psicologia
3,5,2,3,3,3,3,2,4,4,2,2,3,1,2,4,4,1,campo,mixta,psicologia
2,5,3,3,3,2,2,3,3,5,3,2,2,2,3,4,4,2,mixto,mixta,psicologia
1,5,3,2,2,2,2,2,5,5,3,3,1,1,3,4,5,3,mixto,mixta,psicologia
3,4,4,4,3,2,1,1,4,4,3,2,2,2,3,5,4,1,campo,mixta,psicologia
4,5,2,3,4,3,2,1,4,5,1,1,2,2,3,4,3,1,mixto,mixta,psicologia
2,4,2,4,3,1,2,2,5,5,2,3,3,2,4,4,5,1,mixto,presencial,psicologia
2,5,2,3,2,2,1,1,4,4,4,3,2,4,3,4,4,2,mixto,mixta,psicologia
2,5,3,2,2,4,2,2,5,5,3,3,3,1,3,5,4,2,mixto,presencial,psicologia
3,5,2,4,3,3,3,2,4,5,1,2,2,1,4,4,5,1,campo,mixta,psicologia
2,5,1,4,2,2,2,2,4,5,3,2,2,1,4,4,4,1,campo,presencial,psicologia
2,5,2,3,1,2,3,3,4,5,3,2,1,2,3,5,4,2,mixto,mixta,psicologia
2,5,3,4,1,2,3,2,4,5,2,1,2,1,2,4,4,1,campo,mixta,psicologia
2,4,2,3,3,1,2,2,4,5,2,2,3,3,3,4,4,2,mixto,presencial,psicologia
2,5,2,3,2,3,3,2,4,5,3,2,2,1,2,4,4,2,campo,presencial,psicologia
3,4,3,4,1,3,2,2,4,4,2,3,2,2,2,5,5,3,campo,presencial,psicologia
2,4,3,4,4,2,3,2,5,5,2,2,1,3,3,5,4,1,mixto,mixta,psicologia
3,5,2,4,2,2,1,2,5,5,2,2,3,1,3,4,3,2,campo,mixta,psicologia
3,5,4,3,1,2,3,2,5,5,1,1,3,2,4,3,4,2,mixto,presencial,psicologia
3,5,3,4,3,1,3,2,4,4,3,2,1,1,3,2,5,1,mixto,presencial,psicologia
2,5,3,2,1,3,3,2,5,4,3,2,3,1,3,4,3,3,campo,presencial,psicologia
2,5,2,4,3,2,1,3,5,5,1,3,2,1,3,4,4,1,mixto,mixta,psicologia
1,5,2,3,3,2,2,3,4,5,2,2,2,2,2,5,4,2,campo,mixta,psicologia
2,5,1,4,1,4,2,2,4,5,3,1,3,3,4,5,4,3,campo,presencial,psicologia
1,5,2,3,3,2,2,2,3,5,2,2,2,3,3,4,4,2,mixto,mixta,psicologia
1,5,3,2,2,2,4,3,3,5,2,3,3,2,3,4,5,2,mixto,mixta,psicologia
1,5,3,4,2,3,3,2,5,5,2,2,3,2,3,4,4,2,campo,presencial,psicologia
2,4,1,4,3,2,4,2,4,5,3,3,3,2,2,4,5,2,campo,presencial,psicologia
3,5,2,3,2,1,2,3,5,5,2,3,1,2,3,3,4,2,mixto,mixta,psicologia
2,5,3,2,2,2,2,2,5,5,2,3,2,2,2,5,4,2,mixto,mixta,psicologia
3,5,2,3,2,2,3,2,4,5,1,2,3,1,2,3,5,2,campo,presencial,psicologia
2,5,3,4,2,2,2,2,4,5,3,2,3,1,4,4,3,1,mixto,mixta,psicologia
3,5,3,3,3,2,2,3,3,5,3,3,2,1,2,4,4,1,mixto,mixta,psicologia
2,4,2,4,2,2,2,2,4,5,3,3,3,2,3,5,5,1,campo,mixta,psicologia
1,5,2,3,2,1,2,2,4,5,2,3,2,3,3,3,4,3,campo,presencial,psicologia
1,5,2,4,2,2,2,2,5,4,2,2,3,3,3,5,4,2,campo,mixta,psicologia
3,5,2,3,2,2,3,1,4,5,3,2,3,2,4,5,4,2,mixto,presencial,psicologia
2,4,2,4,2,2,2,2,4,5,3,3,3,2,4,4,3,2,campo,presencial,psicologia
3,5,3,3,2,3,2,2,3,5,2,2,4,4,3,4,4,2,campo,presencial,psicologia
3,4,3,2,3,1,4,2,4,5,1,2,2,2,4,5,5,2,campo,presencial,psicologia
4,5,2,4,3,2,3,3,3,5,3,2,3,2,3,4,4,3,campo,presencial,psicologia
2,4,2,4,1,2,4,2,4,4,1,3,2,3,4,4,5,1,campo,mixta,psicologia
3,5,2,4,1,2,2,3,4,4,2,3,2,3,2,5,3,2,campo,mixta,psicologia
2,4,2,2,4,2,3,1,4,5,3,2,2,1,2,4,5,2,campo,presencial,psicologia
2,5,2,3,3,2,3,1,4,5,3,4,2,4,3,4,5,1,campo,presencial,psicologia
2,5,3,4,1,2,2,1,3,5,3,2,4,3,4,5,4,2,mixto,mixta,psicologia
2,5,2,3,2,2,1,3,5,5,1,3,2,2,4,5,4,2,campo,presencial,psicologia
3,4,3,3,4,3,1,2,3,5,3,2,2,2,3,5,3,2,campo,mixta,psicologia
2,5,3,4,3,2,2,3,4,4,2,2,1,2,3,4,5,1,campo,mixta,psicologia
4,5,2,4,2,2,2,3,4,5,3,1,2,2,4,5,4,2,campo,presencial,psicologia
1,5,2,4,3,1,2,3,5,4,2,2,1,2,3,5,3,2,campo,mixta,psicologia
2,5,2,3,2,2,3,2,4,5,1,1,2,2,2,5,4,2,mixto,presencial,psicologia
2,5,2,2,3,4,2,1,5,5,2,2,2,2,3,5,4,1,campo,presencial,psicologia
3,5,3,3,3,2,3,2,4,5,1,2,2,1,3,4,4,2,mixto,mixta,psicologia
2,5,2,3,3,3,3,1,4,5,2,2,1,1,3,5,4,2,mixto,presencial,psicologia
4,5,1,3,3,3,3,3,3,4,3,1,2,2,3,3,4,1,mixto,presencial,psicologia
2,5,2,3,2,3,2,1,4,5,2,2,2,2,3,4,5,3,campo,presencial,psicologia
3,5,1,3,2,3,2,2,4,5,1,2,1,2,2,4,5,3,mixto,mixta,psicologia
2,5,2,4,2,3,2,4,5,5,4,3,2,3,4,5,4,2,mixto,mixta,psicologia
1,4,3,3,2,2,1,3,4,5,3,3,2,3,1,3,5,1,mixto,mixta,psicologia
1,5,2,3,2,1,2,2,4,5,2,3,1,2,3,3,4,1,mixto,mixta,psicologia
3,5,2,3,1,4,2,2,3,4,2,3,1,1,2,4,4,1,campo,presencial,psicologia
2,4,2,3,2,3,2,3,5,5,2,2,2,2,4,4,4,3,campo,presencial,psicologia
2,5,2,3,2,2,3,1,4,5,2,2,2,2,3,4,3,2,campo,mixta,psicologia
2,5,1,3,3,2,2,3,4,5,1,4,3,2,2,3,4,2,campo,presencial,psicologia
3,5,3,3,3,2,2,2,4,5,2,2,3,2,3,3,3,3,campo,mixta,psicologia
2,4,2,3,1,3,3,1,4,5,2,2,2,2,3,4,4,1,mixto,presencial,psicologia
2,5,2,3,2,2,3,3,2,5,2,2,3,2,3,4,3,3,mixto,presencial,psicologia
3,4,2,4,2,2,3,2,4,5,3,3,3,1,4,5,4,1,campo,mixta,psicologia
2,5,2,2,3,2,2,2,4,5,3,3,2,2,4,4,4,2,campo,mixta,psicologia
2,4,2,3,2,1,2,3,4,5,2,3,2,2,3,5,3,2,campo,mixta,psicologia
3,5,2,3,2,3,3,2,4,5,2,2,3,2,4,3,5,3,mixto,mixta,psicologia
3,5,2,2,2,2,2,3,4,5,2,2,1,2,3,5,5,2,campo,mixta,psicologia
4,5,3,4,3,3,2,3,4,5,3,3,2,3,3,4,4,1,campo,presencial,psicologia
2,5,2,2,2,2,3,2,5,4,3,3,3,3,2,3,3,2,mixto,mixta,psicologia
1,5,2,4,2,2,2,2,4,5,2,1,2,2,4,4,5,2,mixto,presencial,psicologia
2,5,1,3,1,1,3,2,4,5,1,3,2,1,4,5,4,2,campo,mixta,psicologia
2,4,3,3,1,3,3,2,4,5,2,2,1,1,3,4,4,2,mixto,presencial,psicologia
2,5,3,4,1,3,2,1,4,4,1,3,1,2,3,4,3,1,campo,presencial,psicologia
3,5,2,2,1,2,2,2,4,5,2,2,3,2,2,5,4,2,campo,presencial,psicologia
2,5,3,2,2,2,3,1,5,5,3,3,1,2,3,4,4,3,campo,presencial,psicologia
3,5,2,3,2,3,3,1,3,4,2,2,1,2,3,4,4,2,campo,mixta,psicologia
1,5,2,2,1,2,2,3,3,5,2,2,2,1,3,5,4,2,mixto,presencial,psicologia
2,5,1,4,2,1,2,2,2,5,2,2,2,3,4,4,3,1,campo,presencial,psicologia
2,5,3,3,3,2,2,3,5,4,3,1,3,2,3,2,4,2,campo,mixta,psicologia
3,5,2,3,2,3,3,2,4,5,3,3,1,2,4,5,4,3,campo,presencial,psicologia
2,5,2,3,3,1,2,2,4,4,2,1,2,2,3,4,4,2,mixto,presencial,psicologia
2,5,4,2,1,1,2,3,4,5,2,3,2,2,3,4,4,1,campo,mixta,psicologia
2,5,3,3,2,2,1,3,4,5,2,1,3,4,4,5,4,1,mixto,mixta,psicologia
2,5,2,4,2,3,2,2,5,5,2,2,3,2,2,4,4,2,campo,presencial,psicologia
1,4,3,3,2,2,3,3,4,5,2,3,3,3,2,4,3,2,mixto,presencial,psicologia
2,5,2,2,3,1,1,4,4,5,1,2,1,2,4,4,3,2,campo,presencial,psicologia
2,5,3,3,2,1,2,2,4,4,3,2,2,2,3,4,4,1,campo,mixta,psicologia
3,5,2,2,3,3,2,3,4,5,2,1,2,2,4,5,3,1,campo,mixta,psicologia
3,5,2,2,2,3,4,2,4,5,2,2,2,2,2,4,5,2,campo,mixta,psicologia
2,4,3,4,2,2,1,3,4,5,2,3,2,3,2,5,3,3,campo,mixta,psicologia
2,5,2,2,3,2,3,3,4,4,2,3,2,3,4,5,4,3,campo,mixta,psicologia
2,5,2,3,1,2,2,1,3,5,2,1,2,1,4,4,4,2,mixto,presencial,psicologia
3,5,2,3,2,3,2,3,3,5,1,2,2,3,2,3,4,2,mixto,mixta,psicologia
3,5,2,4,2,2,3,1,4,4,2,3,2,3,4,4,5,2,campo,mixta,psicologia
3,5,2,3,1,3,2,3,3,5,3,2,2,2,4,5,5,2,campo,presencial,psicologia
2,5,2,3,3,3,2,1,4,5,2,1,4,3,4,5,4,1,mixto,mixta,psicologia
2,4,1,3,2,2,4,3,3,5,2,2,3,2,4,4,4,1,mixto,mixta,psicologia
2,4,2,3,2,2,3,2,4,5,2,1,2,2,2,4,4,2,mixto,presencial,psicologia
3,5,3,3,2,1,2,2,3,4,2,2,2,3,4,5,5,2,campo,mixta,psicologia
2,5,1,3,3,3,2,1,5,4,2,2,1,2,4,4,4,2,campo,mixta,psicologia
2,5,3,3,3,2,3,2,4,5,1,3,2,2,3,4,4,2,campo,mixta,psicologia
3,5,3,3,2,1,1,3,5,4,1,2,1,2,2,3,3,2,campo,presencial,psicologia
1,4,3,2,3,2,2,3,3,5,1,2,2,3,3,5,5,2,mixto,presencial,psicologia
2,5,3,3,2,3,2,3,4,4,2,3,1,1,2,4,4,1,campo,presencial,psicologia
3,5,2,3,2,2,2,2,5,4,3,1,3,1,3,4,4,1,campo,mixta,psicologia
2,5,1,3,3,2,3,2,5,4,2,2,3,2,4,3,3,2,mixto,presencial,psicologia
2,5,3,3,2,1,2,2,3,5,2,3,3,3,3,5,5,2,mixto,presencial,psicologia
2,5,1,3,4,3,3,2,5,4,2,1,2,2,3,4,4,1,campo,mixta,psicologia
2,4,3,4,3,3,3,2,5,5,2,3,1,2,3,4,4,2,mixto,presencial,psicologia
2,5,2,3,2,2,1,2,4,4,2,3,3,2,2,4,4,1,mixto,presencial,psicologia
2,4,2,3,3,2,1,3,5,5,2,2,3,2,2,4,4,1,mixto,presencial,psicologia
3,4,2,3,3,2,2,2,3,4,2,2,2,2,3,5,5,3,campo,presencial,psicologia
2,5,3,2,2,2,2,2,4,4,1,3,2,3,3,3,4,1,campo,mixta,psicologia
1,5,2,3,2,3,2,3,2,5,2,3,2,2,3,4,4,1,campo,presencial,psicologia
2,5,2,3,3,2,3,3,4,5,4,2,2,2,3,2,5,2,mixto,presencial,psicologia
2,4,2,3,2,2,2,4,5,5,2,3,2,3,2,3,4,3,mixto,mixta,psicologia
4,4,1,4,3,2,3,1,3,5,2,2,2,2,3,4,3,2,mixto,presencial,psicologia
2,5,2,3,2,1,2,3,4,5,2,3,3,2,2,4,4,2,campo,mixta,psicologia
3,5,1,2,2,2,3,3,3,5,3,2,3,2,3,4,4,2,campo,mixta,psicologia
2,4,2,3,1,3,3,3,4,5,2,3,1,2,3,4,4,2,mixto,presencial,psicologia
2,4,3,4,3,3,2,2,4,4,1,3,1,2,3,4,4,3,campo,mixta,psicologia
2,5,3,2,2,3,1,3,4,4,1,2,3,3,3,5,4,2,campo,presencial,psicologia
2,5,1,2,1,2,3,3,5,5,2,3,3,3,4,4,4,2,mixto,presencial,psicologia
3,5,2,3,2,3,2,2,4,5,3,2,2,3,3,4,4,3,campo,mixta,psicologia
1,5,1,3,2,1,2,1,3,5,3,2,2,3,3,4,4,2,mixto,mixta,psicologia
2,5,2,3,2,2,2,3,5,4,2,3,2,1,3,5,4,2,mixto,presencial,psicologia
2,5,3,3,2,2,3,2,3,5,3,3,2,1,3,4,4,2,mixto,mixta,psicologia
3,3,2,5,2,3,2,3,4,3,2,4,2,3,3,4,4,2,campo,presencial,psicologia
3,4,3,4,2,1,2,3,5,4,3,3,2,3,3,4,4,2,campo,mixta,psicologia
2,5,2,2,1,2,2,2,3,5,2,2,2,4,5,2,5,1,mixto,presencial,trabajo-social
2,5,2,1,2,3,3,1,4,5,1,3,2,3,4,3,5,2,campo,mixta,trabajo-social
3,5,2,3,1,2,2,2,4,5,2,2,2,3,4,2,5,1,campo,presencial,trabajo-social
2,5,3,3,2,2,2,2,4,5,3,2,2,5,4,3,5,2,mixto,presencial,trabajo-social
3,5,3,3,1,1,2,2,4,5,2,2,2,3,4,2,5,3,mixto,presencial,trabajo-social
3,5,2,2,1,2,3,2,4,5,2,2,2,3,3,3,5,2,campo,mixta,trabajo-social
1,4,2,3,3,2,2,2,4,4,4,3,4,4,5,2,5,2,mixto,mixta,trabajo-social
2,5,2,3,3,1,3,2,4,5,2,2,2,3,5,1,5,2,campo,presencial,trabajo-social
1,5,3,2,3,2,2,2,4,5,2,3,3,2,4,2,5,2,campo,presencial,trabajo-social
2,4,1,2,2,2,2,2,4,5,3,1,3,4,4,3,4,2,campo,mixta,trabajo-social
2,5,2,3,2,2,2,2,5,5,2,2,3,3,3,3,5,2,campo,mixta,trabajo-social
1,5,1,2,3,2,2,2,4,5,1,2,1,3,4,2,5,3,campo,presencial,trabajo-social
3,5,2,3,2,4,2,1,4,5,2,2,3,2,3,2,4,2,mixto,presencial,trabajo-social
2,5,3,2,2,2,1,2,5,4,3,2,1,2,4,2,5,2,campo,presencial,trabajo-social
1,5,2,2,1,3,3,1,5,5,3,3,2,2,3,2,4,2,mixto,presencial,trabajo-social
3,5,3,1,3,1,2,3,4,5,1,2,3,4,4,1,5,2,campo,mixta,trabajo-social
2,4,2,3,2,2,3,2,4,5,3,3,3,3,4,2,5,2,campo,presencial,trabajo-social
2,5,1,4,3,2,2,2,4,5,3,1,3,3,3,3,5,2,mixto,presencial,trabajo-social
2,5,2,2,4,3,3,4,5,5,2,2,1,2,4,3,4,3,mixto,presencial,trabajo-social
3,4,2,2,2,3,3,2,4,5,3,1,2,4,5,2,5,2,mixto,mixta,trabajo-social
2,5,3,3,2,2,2,2,4,5,2,3,3,3,5,1,5,3,campo,mixta,trabajo-social
3,5,1,2,3,2,2,2,4,5,2,3,2,3,4,3,5,1,mixto,presencial,trabajo-social
1,5,3,2,3,3,2,2,5,4,2,2,2,4,4,3,5,3,campo,mixta,trabajo-social
2,5,2,2,3,2,3,2,4,5,3,2,2,3,4,2,5,2,campo,mixta,trabajo-social
2,4,4,2,2,2,2,2,4,5,2,2,2,3,4,1,5,3,campo,mixta,trabajo-social
2,5,2,2,3,1,2,2,4,4,2,3,3,4,3,3,4,2,mixto,presencial,trabajo-social
2,5,2,2,3,2,3,3,4,5,2,3,2,2,4,2,5,2,campo,presencial,trabajo-social
3,4,3,3,3,2,3,1,5,4,2,3,2,3,4,2,5,2,campo,presencial,trabajo-social
3,5,2,2,3,3,3,1,5,5,2,2,2,2,4,2,4,2,campo,presencial,trabajo-social
2,4,3,2,1,2,2,1,4,5,1,2,2,3,5,2,5,3,campo,presencial,trabajo-social
2,5,3,3,1,3,3,2,4,4,1,2,3,3,4,2,5,1,campo,mixta,trabajo-social
2,5,3,3,4,3,2,3,4,4,2,3,3,3,4,3,5,2,mixto,mixta,trabajo-social
2,5,2,2,2,3,3,1,5,5,2,3,3,2,4,3,5,1,mixto,presencial,trabajo-social
3,5,2,3,1,3,1,2,3,5,2,1,1,3,3,3,5,1,mixto,presencial,trabajo-social
2,5,4,2,2,2,1,2,5,5,3,2,2,2,4,2,5,1,mixto,presencial,trabajo-social
2,5,2,3,2,2,2,3,4,5,4,2,3,4,4,3,5,2,mixto,presencial,trabajo-social
4,5,2,2,3,2,4,2,5,5,2,1,3,2,5,3,5,2,mixto,mixta,trabajo-social
3,4,2,3,3,2,1,2,4,4,2,1,1,3,4,2,4,2,campo,mixta,trabajo-social
3,5,3,2,2,2,2,3,4,4,2,2,2,4,5,4,5,2,mixto,mixta,trabajo-social
2,5,2,3,3,2,3,2,4,5,3,3,2,3,4,2,5,3,campo,presencial,trabajo-social
2,5,2,2,4,2,1,2,5,5,2,2,1,4,4,2,5,3,mixto,mixta,trabajo-social
2,4,2,4,2,2,2,2,4,5,3,2,2,3,5,1,4,2,mixto,mixta,trabajo-social
2,5,2,2,3,3,2,2,4,4,2,4,2,3,4,2,5,2,mixto,mixta,trabajo-social
1,5,3,2,2,1,2,2,4,5,2,1,2,3,3,3,5,2,mixto,mixta,trabajo-social
3,5,3,2,2,3,3,2,5,4,2,3,1,4,4,3,4,2,campo,mixta,trabajo-social
3,4,1,1,3,3,2,2,4,5,2,3,2,2,4,2,5,2,campo,mixta,trabajo-social
2,5,2,2,2,2,2,2,4,4,4,2,2,3,4,2,5,2,campo,mixta,trabajo-social
3,5,2,3,2,3,2,2,4,5,1,2,3,3,4,2,5,3,campo,mixta,trabajo-social
2,5,2,2,1,2,2,2,4,5,3,2,2,3,5,2,5,2,mixto,presencial,trabajo-social
2,4,3,3,1,2,2,3,4,5,2,3,3,3,3,2,5,3,campo,presencial,trabajo-social
1,5,2,2,2,2,2,2,3,5,4,2,2,3,4,3,5,2,mixto,presencial,trabajo-social
3,5,2,2,3,2,2,3,4,5,2,3,2,2,4,2,4,2,mixto,mixta,trabajo-social
2,5,2,2,1,3,2,2,4,5,2,3,3,3,5,2,5,1,campo,presencial,trabajo-social
1,5,4,3,2,1,1,2,4,5,1,1,2,4,4,2,5,1,campo,mixta,trabajo-social
2,5,3,2,3,2,2,3,4,4,3,2,2,3,4,2,4,2,campo,presencial,trabajo-social
2,5,2,1,3,1,3,2,4,4,2,2,2,2,4,2,5,1,mixto,mixta,trabajo-social
3,4,3,2,2,2,2,2,3,5,3,3,3,4,2,2,5,1,campo,presencial,trabajo-social
3,5,1,2,2,1,3,2,4,5,2,1,3,2,4,2,5,3,mixto,mixta,trabajo-social
2,5,2,3,1,1,4,2,5,4,2,2,1,3,4,3,5,2,mixto,mixta,trabajo-social
3,5,2,1,2,2,3,3,4,4,1,2,2,3,5,3,5,3,campo,presencial,trabajo-social
3,5,3,2,2,2,2,2,3,4,3,2,3,3,5,2,3,2,mixto,presencial,trabajo-social
1,5,2,4,2,3,1,3,3,5,2,3,2,4,3,3,5,2,mixto,presencial,trabajo-social
3,5,2,3,2,3,2,2,4,5,1,2,3,3,4,2,5,2,mixto,mixta,trabajo-social
2,4,1,2,1,3,1,2,4,4,2,2,3,3,3,3,5,2,campo,mixta,trabajo-social
2,5,2,2,2,3,2,3,5,5,2,3,2,2,5,2,5,2,mixto,presencial,trabajo-social
3,5,4,2,3,2,1,2,5,5,1,2,2,3,4,3,5,2,campo,presencial,trabajo-social
2,5,2,2,2,3,2,3,4,5,3,3,1,1,4,2,4,3,mixto,presencial,trabajo-social
3,4,3,4,2,3,4,2,3,5,3,2,2,2,3,3,5,3,campo,mixta,trabajo-social
3,4,2,2,2,2,2,2,4,4,2,3,3,3,4,2,4,2,campo,presencial,trabajo-social
3,4,2,2,3,3,3,2,5,5,2,2,3,4,4,2,5,2,mixto,mixta,trabajo-social
2,4,3,3,3,3,3,1,4,4,2,2,2,2,4,2,5,2,campo,presencial,trabajo-social
2,4,2,2,2,3,2,3,5,5,2,3,2,3,4,2,5,1,mixto,mixta,trabajo-social
2,5,2,2,3,2,3,1,4,5,2,2,2,3,4,2,4,1,campo,presencial,trabajo-social
3,5,3,2,2,2,4,1,4,5,3,2,3,2,4,4,5,3,mixto,presencial,trabajo-social
3,4,2,2,2,2,1,3,4,5,3,2,2,2,4,2,5,4,mixto,presencial,trabajo-social
2,5,2,3,3,2,2,2,5,5,2,3,1,4,4,3,5,2,mixto,presencial,trabajo-social
2,5,2,2,2,3,2,4,4,4,3,2,3,2,4,2,5,2,campo,presencial,trabajo-social
3,5,1,2,2,3,3,2,4,4,2,1,3,3,4,2,4,2,campo,mixta,trabajo-social
2,4,2,2,1,2,2,2,3,5,2,2,1,3,4,3,5,3,mixto,presencial,trabajo-social
1,5,3,2,3,3,2,3,4,5,3,1,3,3,4,2,5,3,mixto,mixta,trabajo-social
3,5,2,2,3,1,2,3,4,4,2,3,2,3,3,2,5,2,mixto,presencial,trabajo-social
3,5,3,3,3,4,2,2,4,5,2,2,2,3,4,2,5,2,campo,presencial,trabajo-social
3,5,2,2,1,2,2,2,3,5,3,2,2,3,5,3,5,2,mixto,presencial,trabajo-social
4,4,2,2,3,2,2,3,4,5,3,2,2,4,4,4,5,3,campo,mixta,trabajo-social
2,4,2,2,2,2,3,1,4,5,2,3,2,3,5,2,5,3,mixto,presencial,trabajo-social
2,5,2,2,2,1,3,1,4,5,3,2,3,4,3,2,5,1,mixto,mixta,trabajo-social
3,5,3,2,1,2,3,3,4,5,2,3,2,3,4,2,5,1,campo,presencial,trabajo-social
3,5,2,2,3,2,1,1,4,5,4,1,2,2,4,2,5,3,campo,mixta,trabajo-social
2,5,2,2,1,3,3,2,4,5,1,2,3,4,4,3,5,3,mixto,presencial,trabajo-social
2,5,3,3,1,4,2,3,5,5,3,1,1,3,5,3,5,2,mixto,mixta,trabajo-social
2,5,1,2,3,2,2,2,5,5,3,3,2,3,3,2,5,2,campo,presencial,trabajo-social
2,5,1,1,2,2,3,1,4,5,2,2,2,3,4,2,5,2,campo,mixta,trabajo-social
2,4,1,3,3,3,3,2,4,5,3,3,2,3,3,2,4,2,campo,presencial,trabajo-social
2,4,2,3,1,1,3,2,4,5,2,2,2,2,4,2,5,2,mixto,presencial,trabajo-social
1,5,1,2,2,2,2,2,3,5,2,2,3,3,5,2,5,1,mixto,presencial,trabajo-social
2,4,2,2,3,1,2,1,4,5,3,2,1,2,3,2,5,2,campo,mixta,trabajo-social
3,5,3,3,2,1,2,3,3,5,2,2,2,3,4,1,5,3,mixto,mixta,trabajo-social
2,5,2,2,1,1,2,1,4,5,2,3,2,3,4,2,5,2,campo,presencial,trabajo-social
1,5,1,2,3,3,1,3,4,5,2,2,3,2,5,2,5,1,mixto,presencial,trabajo-social
2,5,3,1,2,2,4,3,3,5,3,3,2,3,3,3,4,3,mixto,mixta,trabajo-social
2,5,2,2,2,3,2,2,4,4,2,2,3,2,5,2,5,2,campo,mixta,trabajo-social
3,4,2,4,1,2,3,2,5,4,3,3,2,4,4,2,4,1,campo,presencial,trabajo-social
2,4,2,2,3,3,2,2,4,5,2,2,2,3,5,3,5,1,campo,mixta,trabajo-social
2,5,2,2,2,3,2,2,3,5,2,3,2,2,5,1,5,1,campo,mixta,trabajo-social
1,5,3,2,2,2,2,2,5,5,1,2,3,2,5,2,5,2,mixto,mixta,trabajo-social
2,5,2,2,2,2,1,1,4,5,2,2,2,3,3,1,5,1,mixto,mixta,trabajo-social
3,5,4,3,1,1,2,1,4,4,1,2,3,3,5,3,4,1,mixto,presencial,trabajo-social
3,5,2,2,2,2,2,2,4,5,2,3,3,2,4,2,5,2,mixto,presencial,trabajo-social
3,5,2,2,3,3,2,3,4,5,3,2,3,3,4,3,5,1,campo,presencial,trabajo-social
3,5,2,2,1,1,2,3,4,5,2,2,2,4,3,1,5,3,campo,mixta,trabajo-social
2,5,2,3,2,2,3,2,4,5,2,3,1,3,3,1,5,2,mixto,presencial,trabajo-social
1,5,3,2,4,1,3,2,4,5,2,3,2,3,4,2,5,2,mixto,presencial,trabajo-social
3,5,2,2,3,3,1,2,4,5,1,3,2,3,3,3,4,1,mixto,presencial,trabajo-social
3,5,3,2,4,3,3,3,5,5,2,2,3,2,4,2,5,3,mixto,mixta,trabajo-social
3,5,2,3,2,3,3,3,4,5,2,4,3,4,4,2,5,1,campo,mixta,trabajo-social
2,5,3,2,1,1,3,3,5,5,3,2,2,3,4,3,5,1,campo,presencial,trabajo-social
3,5,2,4,3,2,3,1,4,5,2,3,2,4,4,2,5,2,campo,mixta,trabajo-social
1,5,3,2,3,3,1,2,4,5,2,2,3,3,4,2,5,2,mixto,presencial,trabajo-social
1,4,3,2,2,2,2,3,3,5,3,2,3,3,5,2,5,2,campo,presencial,trabajo-social
3,4,3,3,3,3,3,1,4,5,2,3,2,3,3,2,4,2,mixto,mixta,trabajo-social
3,5,3,2,3,2,2,2,4,5,1,2,2,4,4,3,5,1,campo,mixta,trabajo-social
1,5,2,2,2,3,1,2,4,5,2,2,3,4,5,1,5,2,campo,presencial,trabajo-social
1,5,2,3,2,3,1,3,4,5,4,3,2,3,4,3,5,2,campo,presencial,trabajo-social
1,5,2,1,3,3,2,2,4,5,2,2,2,4,4,2,4,2,campo,presencial,trabajo-social
3,5,1,1,2,3,3,3,4,4,2,3,3,4,4,1,5,3,campo,mixta,trabajo-social
2,5,3,3,3,2,3,3,4,5,1,2,3,3,4,1,5,2,campo,mixta,trabajo-social
2,5,3,2,3,2,3,2,5,4,2,2,2,3,4,4,5,2,mixto,mixta,trabajo-social
2,5,3,2,3,2,3,3,4,5,1,1,3,3,4,1,5,3,campo,presencial,trabajo-social
2,5,2,3,2,3,4,2,4,4,3,1,3,1,4,2,5,2,campo,presencial,trabajo-social
4,5,2,2,3,1,2,2,4,5,3,2,1,3,4,3,4,1,campo,presencial,trabajo-social
1,5,2,2,1,3,1,2,4,4,2,2,2,3,4,2,4,2,mixto,mixta,trabajo-social
1,4,2,4,2,2,2,2,4,5,1,3,3,2,3,3,5,2,mixto,presencial,trabajo-social
3,5,2,3,2,3,1,2,4,5,3,2,3,3,5,2,5,2,mixto,mixta,trabajo-social
2,4,2,2,1,3,3,3,4,5,2,2,3,3,4,2,5,2,mixto,mixta,trabajo-social
3,5,2,1,2,3,3,1,3,5,1,2,3,3,5,1,4,2,mixto,presencial,trabajo-social
1,5,2,2,2,2,2,3,4,4,3,2,2,4,4,3,4,2,campo,presencial,trabajo-social
1,5,2,3,2,1,2,3,4,5,3,2,2,4,4,3,5,2,campo,mixta,trabajo-social
1,4,2,3,1,2,2,3,5,5,2,2,3,2,4,3,5,2,campo,presencial,trabajo-social
2,5,1,2,3,3,3,3,4,5,1,3,2,3,4,4,4,2,campo,presencial,trabajo-social
2,5,3,2,2,3,3,3,4,5,1,2,2,3,4,3,5,2,campo,presencial,trabajo-social
3,5,3,2,3,2,2,3,4,4,2,2,1,2,5,1,5,2,campo,mixta,trabajo-social
2,5,2,3,2,3,2,1,3,5,3,2,2,3,3,2,5,3,mixto,mixta,trabajo-social
2,5,3,2,2,2,2,2,3,5,4,3,2,3,4,2,5,2,mixto,presencial,trabajo-social
2,5,2,3,3,2,2,3,4,5,3,3,4,3,4,2,5,1,campo,presencial,trabajo-social
2,4,3,2,2,2,3,1,4,5,2,3,2,2,5,2,5,2,mixto,mixta,trabajo-social
3,5,2,2,3,3,3,2,4,3,2,3,3,2,5,3,5,3,campo,presencial,trabajo-social
3,5,3,3,1,3,2,1,4,5,3,2,3,3,4,2,5,1,campo,mixta,trabajo-social
3,5,3,2,2,2,3,2,4,5,2,1,2,3,4,3,5,2,campo,presencial,trabajo-social
2,5,2,2,2,2,4,2,4,4,1,3,2,4,5,2,5,3,mixto,presencial,trabajo-social
3,4,2,1,2,3,2,3,4,5,1,2,2,2,3,2,5,1,mixto,presencial,trabajo-social
2,5,1,2,3,2,3,3,4,5,3,2,3,4,4,2,5,2,campo,mixta,trabajo-social
1,5,3,3,3,2,3,3,4,5,4,3,3,3,3,2,5,1,mixto,presencial,trabajo-social
2,5,3,1,2,1,2,2,4,5,3,2,1,2,5,2,5,3,mixto,mixta,trabajo-social
2,5,3,2,2,2,4,3,4,5,3,2,3,3,4,2,5,3,campo,mixta,trabajo-social
3,5,2,1,2,2,2,1,4,4,3,4,2,3,5,3,4,2,campo,presencial,trabajo-social
4,5,2,3,2,2,2,2,4,5,1,3,2,2,3,2,5,2,campo,mixta,trabajo-social
2,5,1,2,2,3,2,3,4,5,3,2,3,4,3,1,4,2,campo,presencial,trabajo-social
3,5,2,2,3,2,1,3,4,5,2,3,3,3,3,3,5,1,mixto,mixta,trabajo-social
1,4,3,2,3,2,2,3,4,4,4,2,1,3,5,3,5,2,campo,mixta,trabajo-social
2,5,2,3,2,2,2,2,4,4,2,3,2,4,4,2,4,3,mixto,mixta,trabajo-social
4,2,5,3,3,2,5,3,3,3,3,2,5,2,4,3,3,2,mixto,mixta,diseno-ux-ui
4,2,5,2,2,2,5,3,2,3,2,2,4,3,4,3,2,2,mixto,mixta,diseno-ux-ui
4,2,5,2,3,1,5,1,3,3,2,2,5,3,3,3,2,3,mixto,mixta,diseno-ux-ui
3,3,5,1,2,2,5,3,4,2,2,2,3,3,3,3,2,3,mixto,virtual,diseno-ux-ui
5,3,5,2,2,1,4,2,3,1,1,1,5,2,3,4,2,1,oficina,virtual,diseno-ux-ui
5,4,5,1,2,4,5,2,2,3,3,3,5,2,5,3,2,3,oficina,mixta,diseno-ux-ui
4,2,5,3,1,2,5,3,4,2,2,4,5,3,5,3,2,2,oficina,mixta,diseno-ux-ui
4,4,5,3,3,4,5,1,3,3,2,3,5,3,4,3,3,2,oficina,virtual,diseno-ux-ui
4,2,5,2,2,2,5,1,4,2,3,2,5,1,4,3,4,2,oficina,mixta,diseno-ux-ui
4,2,5,1,2,2,5,2,3,2,2,3,5,3,3,2,3,2,oficina,mixta,diseno-ux-ui
5,3,5,2,2,2,5,1,2,3,3,3,5,1,3,3,3,3,oficina,virtual,diseno-ux-ui
4,2,5,2,2,3,4,3,4,1,2,1,5,3,4,2,3,2,mixto,mixta,diseno-ux-ui
5,2,5,3,3,4,4,1,2,3,1,2,4,3,2,3,3,1,mixto,mixta,diseno-ux-ui
5,3,5,2,2,3,5,2,4,3,2,3,4,2,4,3,2,2,mixto,virtual,diseno-ux-ui
3,2,4,2,2,2,5,3,2,2,3,1,5,1,5,4,2,3,mixto,virtual,diseno-ux-ui
5,2,5,2,3,2,5,3,3,3,3,3,5,2,3,2,2,2,oficina,virtual,diseno-ux-ui
3,2,5,3,1,3,5,2,3,3,2,3,5,5,4,2,3,2,oficina,virtual,diseno-ux-ui
5,1,4,3,1,3,5,2,4,3,2,1,5,2,5,2,3,2,oficina,mixta,diseno-ux-ui
3,2,5,1,3,2,4,1,3,2,3,1,5,2,5,4,2,2,mixto,mixta,diseno-ux-ui
4,2,5,3,1,3,4,2,2,2,1,2,5,1,4,2,3,2,mixto,virtual,diseno-ux-ui
3,2,5,2,2,2,5,3,2,2,1,2,5,2,4,3,3,2,mixto,virtual,diseno-ux-ui
3,2,5,3,2,3,5,2,4,3,2,2,5,2,4,3,2,2,oficina,virtual,diseno-ux-ui
4,2,5,2,4,2,5,2,4,2,3,3,5,2,4,3,2,2,mixto,mixta,diseno-ux-ui
4,1,5,3,2,2,4,3,4,2,4,4,4,2,5,3,3,2,oficina,virtual,diseno-ux-ui
4,2,4,1,1,2,4,2,4,4,3,2,4,1,4,4,3,2,mixto,virtual,diseno-ux-ui
5,2,5,2,3,3,5,3,3,2,3,3,5,2,5,2,2,3,oficina,mixta,diseno-ux-ui
4,2,5,2,3,2,5,2,3,2,2,3,5,3,4,3,3,2,oficina,virtual,diseno-ux-ui
4,1,4,3,3,2,5,2,3,1,2,3,5,1,4,3,3,2,oficina,virtual,diseno-ux-ui
4,2,5,3,3,3,4,2,2,2,2,3,4,2,3,3,2,3,oficina,mixta,diseno-ux-ui
3,2,5,1,1,2,4,3,4,3,2,2,5,1,5,3,3,1,mixto,mixta,diseno-ux-ui
4,3,5,2,3,1,5,3,3,1,2,2,5,2,4,3,2,1,oficina,virtual,diseno-ux-ui
5,1,5,2,3,2,5,2,2,2,1,2,4,2,3,2,2,3,oficina,virtual,diseno-ux-ui
4,2,5,2,3,1,5,2,3,2,4,1,4,3,4,2,3,4,mixto,mixta,diseno-ux-ui
5,2,5,2,3,2,5,2,3,3,1,2,5,2,4,3,2,1,mixto,mixta,diseno-ux-ui
4,4,5,3,3,2,5,2,3,2,2,2,5,2,5,4,1,2,oficina,mixta,diseno-ux-ui
3,2,5,1,3,3,4,1,2,2,2,1,5,2,5,3,2,3,oficina,virtual,diseno-ux-ui
5,2,4,3,2,3,5,3,1,3,2,3,5,3,4,3,3,2,mixto,virtual,diseno-ux-ui
5,2,4,1,2,2,5,3,3,1,2,2,5,1,4,3,3,3,oficina,mixta,diseno-ux-ui
4,2,5,3,2,2,5,1,4,2,2,2,5,2,4,3,2,2,mixto,mixta,diseno-ux-ui
4,2,5,2,3,3,5,3,3,3,2,1,5,2,4,3,2,3,mixto,virtual,diseno-ux-ui
4,3,5,2,2,2,5,3,4,4,3,1,5,1,3,2,1,3,mixto,virtual,diseno-ux-ui
4,2,4,3,1,2,4,2,2,2,3,2,5,2,4,3,2,2,oficina,virtual,diseno-ux-ui
4,2,5,2,2,1,5,2,2,2,4,2,4,3,4,5,2,1,oficina,virtual,diseno-ux-ui
4,3,5,4,2,2,5,1,2,2,3,1,5,2,4,3,3,1,oficina,mixta,diseno-ux-ui
5,2,5,3,1,2,5,1,3,4,3,3,5,2,5,3,3,3,oficina,mixta,diseno-ux-ui
4,2,5,2,1,3,4,2,3,2,1,3,5,1,5,2,2,2,mixto,virtual,diseno-ux-ui
5,2,5,2,3,2,5,2,3,2,3,2,5,1,5,2,1,2,oficina,mixta,diseno-ux-ui
4,1,5,2,2,1,5,3,2,3,2,2,5,2,4,3,3,2,mixto,mixta,diseno-ux-ui
5,1,5,1,2,1,5,2,3,2,2,1,5,3,4,4,2,2,oficina,virtual,diseno-ux-ui
4,2,4,2,2,1,4,2,3,3,2,3,5,2,3,3,2,2,mixto,virtual,diseno-ux-ui
4,2,5,2,2,3,5,3,3,2,2,3,5,3,3,3,3,3,mixto,mixta,diseno-ux-ui
4,2,4,2,2,2,4,2,3,1,3,2,5,1,4,4,3,2,mixto,virtual,diseno-ux-ui
3,1,4,4,2,3,5,1,3,2,3,3,5,1,4,3,2,2,mixto,virtual,diseno-ux-ui
3,2,5,1,2,2,4,3,2,2,3,4,5,1,4,3,1,3,mixto,virtual,diseno-ux-ui
3,3,4,2,2,3,5,3,3,3,2,1,5,4,3,3,2,2,oficina,mixta,diseno-ux-ui
4,1,5,1,1,1,5,2,3,2,2,2,5,4,3,4,3,2,mixto,mixta,diseno-ux-ui
4,2,4,3,2,2,5,2,3,3,3,1,5,2,5,3,1,3,mixto,virtual,diseno-ux-ui
4,1,4,2,2,3,5,2,4,2,3,3,5,4,5,5,3,3,oficina,virtual,diseno-ux-ui
5,2,4,2,1,1,4,2,3,3,1,2,5,2,4,3,3,3,mixto,mixta,diseno-ux-ui
4,1,4,1,3,2,5,1,4,2,2,3,5,2,4,3,1,2,oficina,mixta,diseno-ux-ui
4,2,5,3,3,3,5,2,3,2,1,2,5,2,3,3,2,3,oficina,virtual,diseno-ux-ui
4,1,5,2,2,1,5,4,3,3,3,2,5,2,4,3,2,3,oficina,mixta,diseno-ux-ui
3,1,4,3,3,2,5,2,3,2,2,1,5,2,4,3,2,3,oficina,mixta,diseno-ux-ui
4,2,5,1,2,3,5,2,1,2,2,3,5,2,3,4,2,4,mixto,mixta,diseno-ux-ui
5,1,5,3,2,2,5,2,5,2,1,3,5,2,5,3,2,3,mixto,mixta,diseno-ux-ui
4,2,5,4,2,2,5,3,3,4,2,1,5,2,3,3,2,3,mixto,virtual,diseno-ux-ui
4,1,4,2,2,3,5,2,3,3,3,2,4,2,4,3,3,3,oficina,virtual,diseno-ux-ui
5,2,5,2,2,2,5,3,3,2,3,2,4,2,3,4,3,1,oficina,mixta,diseno-ux-ui
5,1,4,2,4,3,5,4,3,2,2,2,4,2,5,3,1,2,oficina,virtual,diseno-ux-ui
5,2,4,1,2,1,5,3,3,2,2,2,5,3,4,3,2,1,mixto,mixta,diseno-ux-ui
4,2,5,1,2,3,4,1,3,2,3,3,5,2,3,4,2,3,oficina,virtual,diseno-ux-ui
4,2,5,2,2,2,4,3,3,3,3,3,5,1,5,4,2,3,oficina,virtual,diseno-ux-ui
5,3,5,3,2,3,5,3,2,2,2,2,5,1,4,3,2,2,oficina,virtual,diseno-ux-ui
5,1,5,2,1,2,5,2,3,2,2,3,5,4,5,3,3,1,mixto,virtual,diseno-ux-ui
4,1,5,2,2,2,5,3,2,3,3,3,4,2,4,4,3,2,oficina,mixta,diseno-ux-ui
5,3,5,3,2,2,4,2,4,2,2,2,5,1,3,2,2,2,mixto,virtual,diseno-ux-ui
4,2,5,3,2,2,5,3,3,1,1,3,5,3,4,3,4,2,oficina,virtual,diseno-ux-ui
4,3,3,2,2,2,5,2,3,3,2,2,5,2,3,3,2,3,oficina,virtual,diseno-ux-ui
4,4,4,3,3,2,4,1,4,2,2,1,5,2,4,2,1,3,oficina,virtual,diseno-ux-ui
4,2,4,2,2,3,5,2,3,2,3,2,5,2,4,2,2,1,oficina,mixta,diseno-ux-ui
4,2,5,2,2,3,3,2,3,2,2,1,5,2,5,3,2,2,mixto,mixta,diseno-ux-ui
4,3,4,1,1,3,5,2,3,2,2,3,5,1,5,4,1,3,mixto,mixta,diseno-ux-ui
5,3,5,2,2,2,5,3,3,3,1,2,5,2,4,3,3,3,oficina,mixta,diseno-ux-ui
4,2,5,2,3,2,5,3,4,2,2,2,5,2,5,3,2,1,mixto,mixta,diseno-ux-ui
5,1,4,3,2,2,5,1,4,1,1,2,5,3,4,3,2,2,oficina,virtual,diseno-ux-ui
4,3,5,1,1,1,5,3,3,3,3,2,5,2,3,4,2,2,mixto,mixta,diseno-ux-ui
4,1,5,3,1,3,5,2,3,3,1,2,5,2,4,4,3,1,mixto,virtual,diseno-ux-ui
5,3,5,2,3,2,5,2,3,4,2,2,5,3,3,2,3,2,oficina,virtual,diseno-ux-ui
3,1,4,3,2,1,5,2,3,2,2,3,5,2,4,4,4,2,oficina,mixta,diseno-ux-ui
4,3,4,2,2,2,5,2,3,2,2,2,5,2,4,3,3,1,oficina,virtual,diseno-ux-ui
4,2,5,2,1,3,4,1,3,2,2,2,5,2,4,3,2,4,oficina,virtual,diseno-ux-ui
4,2,5,2,3,2,5,2,4,1,2,1,5,2,4,4,2,2,oficina,virtual,diseno-ux-ui
4,1,4,2,3,2,5,3,3,3,3,2,5,4,5,3,3,3,oficina,mixta,diseno-ux-ui
4,3,5,3,3,2,5,3,3,1,2,2,5,2,5,2,3,1,oficina,mixta,diseno-ux-ui
4,2,5,3,1,2,5,3,3,1,3,3,4,2,5,4,2,2,oficina,mixta,diseno-ux-ui
3,2,4,3,3,2,5,2,3,1,3,2,5,2,5,3,2,2,mixto,virtual,diseno-ux-ui
5,2,5,1,2,3,5,2,3,3,2,1,5,2,4,3,3,2,mixto,mixta,diseno-ux-ui
4,2,5,3,3,2,5,2,2,3,2,1,5,3,4,2,2,3,oficina,mixta,diseno-ux-ui
4,3,4,1,2,3,4,4,3,2,2,2,5,3,4,2,3,3,mixto,mixta,diseno-ux-ui
5,2,5,3,1,2,4,2,3,3,2,3,5,2,4,4,2,1,oficina,mixta,diseno-ux-ui
4,2,5,3,1,3,5,3,3,2,1,2,4,3,4,3,1,1,mixto,virtual,diseno-ux-ui
4,3,5,2,3,3,4,2,4,2,2,4,4,2,5,4,2,2,mixto,mixta,diseno-ux-ui
4,3,5,3,2,2,3,2,4,3,1,2,5,3,3,3,1,1,mixto,mixta,diseno-ux-ui
4,3,5,3,3,2,5,2,3,3,3,2,5,3,4,3,2,4,oficina,virtual,diseno-ux-ui
4,2,5,2,2,2,5,1,3,2,1,2,5,2,5,3,2,3,oficina,virtual,diseno-ux-ui
3,1,5,2,2,3,5,4,3,2,2,2,4,3,3,4,1,3,oficina,virtual,diseno-ux-ui
5,2,5,1,2,3,5,2,4,1,3,1,4,3,3,4,4,3,mixto,mixta,diseno-ux-ui
4,2,5,2,2,1,5,2,2,2,2,2,5,2,4,2,2,3,oficina,virtual,diseno-ux-ui
3,2,5,1,2,3,5,3,4,1,2,3,5,3,4,4,3,3,oficina,virtual,diseno-ux-ui
5,2,5,2,4,2,4,1,3,1,3,2,4,2,5,3,1,2,mixto,mixta,diseno-ux-ui
4,1,5,2,2,1,5,2,3,1,1,3,5,1,5,3,2,3,mixto,virtual,diseno-ux-ui
4,2,4,2,1,1,5,2,1,3,2,3,5,4,4,3,3,3,mixto,virtual,diseno-ux-ui
4,2,5,2,2,2,5,2,2,3,3,2,4,2,3,3,3,1,mixto,mixta,diseno-ux-ui
4,2,5,2,2,1,5,2,3,2,2,2,4,3,4,3,3,3,mixto,virtual,diseno-ux-ui
5,2,5,1,4,2,4,2,3,2,1,1,5,3,5,3,3,2,oficina,virtual,diseno-ux-ui
4,4,4,3,2,3,5,2,2,2,1,2,5,2,5,4,2,2,mixto,mixta,diseno-ux-ui
4,3,5,2,2,4,5,3,3,2,3,4,5,3,4,4,1,2,oficina,mixta,diseno-ux-ui
4,3,5,2,1,2,5,2,4,1,1,3,5,2,4,4,2,3,oficina,virtual,diseno-ux-ui
4,2,5,1,3,2,4,1,2,2,3,3,5,1,4,4,1,2,mixto,virtual,diseno-ux-ui
4,1,5,2,3,2,4,1,3,2,3,2,4,3,4,2,3,2,mixto,virtual,diseno-ux-ui
4,2,4,2,1,3,5,2,3,2,1,2,5,3,4,3,1,3,mixto,mixta,diseno-ux-ui
5,1,4,3,2,2,5,2,3,2,4,1,5,2,5,3,1,2,mixto,virtual,diseno-ux-ui
4,2,3,2,2,2,5,1,2,3,2,1,5,3,4,3,3,2,mixto,mixta,diseno-ux-ui
4,2,4,3,2,1,5,2,2,1,2,2,5,1,3,4,2,2,mixto,virtual,diseno-ux-ui
4,2,5,2,3,2,5,2,3,1,2,3,5,2,5,3,3,2,mixto,virtual,diseno-ux-ui
5,1,5,3,1,2,5,3,3,1,1,2,5,2,4,4,2,4,mixto,mixta,diseno-ux-ui
3,3,5,1,3,2,5,3,3,2,3,3,5,4,4,3,3,3,mixto,virtual,diseno-ux-ui
4,2,5,2,1,2,4,2,4,2,1,1,5,2,3,3,3,2,oficina,mixta,diseno-ux-ui
4,4,5,2,2,2,5,2,3,3,3,3,4,1,5,3,3,2,mixto,virtual,diseno-ux-ui
4,2,5,2,2,2,5,1,2,2,3,1,5,3,5,3,3,3,mixto,virtual,diseno-ux-ui
3,3,5,2,3,2,5,2,3,3,2,2,5,3,4,2,2,2,oficina,virtual,diseno-ux-ui
4,3,5,2,1,2,5,2,2,2,2,2,5,2,4,3,2,2,mixto,mixta,diseno-ux-ui
3,2,4,2,2,4,5,3,2,2,1,3,5,3,4,4,3,2,mixto,mixta,diseno-ux-ui
4,2,5,3,3,2,5,2,3,3,1,2,4,3,5,3,2,2,oficina,virtual,diseno-ux-ui
3,1,5,3,1,1,4,3,3,2,1,2,4,2,4,3,1,3,oficina,virtual,diseno-ux-ui
4,3,5,2,2,2,5,2,3,2,3,2,5,3,4,4,2,2,oficina,virtual,diseno-ux-ui
4,3,5,2,1,2,5,1,4,2,3,2,4,3,4,3,4,3,mixto,virtual,diseno-ux-ui
5,2,5,2,3,2,5,2,3,2,2,3,5,2,4,3,2,2,mixto,virtual,diseno-ux-ui
5,2,5,2,2,3,5,2,3,3,2,3,5,3,5,3,3,2,oficina,virtual,diseno-ux-ui
4,3,4,1,1,3,5,3,3,2,2,2,5,2,5,2,3,2,oficina,virtual,diseno-ux-ui
3,2,4,2,2,3,5,4,3,3,3,2,5,1,4,3,2,2,oficina,virtual,diseno-ux-ui
4,3,5,2,2,1,5,2,4,2,2,1,5,2,5,3,2,1,mixto,virtual,diseno-ux-ui
4,2,5,2,1,3,4,3,3,2,1,2,5,2,5,2,2,3,mixto,mixta,diseno-ux-ui
5,3,5,2,2,2,4,2,3,2,2,3,5,2,4,4,2,2,oficina,virtual,diseno-ux-ui
4,3,5,1,3,1,4,3,3,3,2,3,4,2,4,3,3,1,oficina,virtual,diseno-ux-ui
4,2,5,2,2,3,5,2,3,2,2,2,5,1,5,4,3,1,mixto,mixta,diseno-ux-ui
4,2,5,2,3,3,5,2,4,3,2,3,5,2,4,3,2,2,mixto,virtual,diseno-ux-ui
4,3,5,4,3,2,5,1,3,1,2,2,5,2,4,2,1,2,oficina,mixta,diseno-ux-ui
5,2,5,3,3,3,5,3,3,3,2,3,5,3,4,3,1,2,oficina,mixta,diseno-ux-ui
5,1,4,1,3,2,5,4,3,2,3,3,5,1,4,4,2,2,oficina,mixta,diseno-ux-ui
4,2,3,2,2,1,5,3,3,2,2,2,5,2,5,3,3,3,mixto,virtual,diseno-ux-ui
4,2,5,2,1,2,4,3,3,2,2,2,5,1,3,4,1,2,oficina,mixta,diseno-ux-ui
3,2,5,1,3,3,5,2,4,2,1,3,5,3,4,3,2,2,mixto,mixta,diseno-ux-ui
4,2,5,2,2,2,5,3,3,3,2,2,5,2,3,3,2,2,oficina,mixta,diseno-ux-ui
3,2,5,2,1,2,5,2,4,2,1,2,5,1,4,3,1,3,mixto,virtual,diseno-ux-ui
5,3,4,2,2,2,5,3,2,1,3,3,5,2,4,3,3,2,oficina,virtual,diseno-ux-ui
4,3,5,2,2,2,5,3,3,2,3,4,4,2,4,3,3,3,oficina,mixta,diseno-ux-ui
4,3,5,2,3,3,5,3,3,3,1,2,4,2,5,4,2,2,mixto,mixta,diseno-ux-ui
5,3,5,3,2,1,5,2,2,2,3,3,4,2,3,3,3,3,mixto,mixta,diseno-ux-ui
3,2,5,2,3,3,5,3,4,2,3,2,5,3,4,2,1,2,mixto,virtual,diseno-ux-ui
3,2,2,2,5,3,3,1,4,1,4,3,1,5,2,2,3,4,oficina,mixta,administracion-de-empresas
2,2,3,3,5,2,2,3,3,3,5,3,2,5,4,1,4,5,oficina,presencial,administracion-de-empresas
2,3,3,1,5,3,3,2,4,2,4,2,3,4,3,1,4,4,mixto,presencial,administracion-de-empresas
2,2,3,3,4,3,3,1,4,1,3,2,2,5,1,2,4,3,mixto,presencial,administracion-de-empresas
3,3,2,2,5,1,2,2,4,3,5,3,2,5,2,2,4,4,mixto,presencial,administracion-de-empresas
1,1,3,3,5,3,3,3,5,3,4,3,2,5,1,2,3,3,mixto,presencial,administracion-de-empresas
2,3,2,1,5,1,3,3,4,2,4,2,2,5,2,2,4,4,oficina,mixta,administracion-de-empresas
2,2,2,2,5,3,2,1,3,3,3,3,2,5,2,1,2,5,oficina,mixta,administracion-de-empresas
2,3,1,2,5,2,2,2,5,2,3,2,3,4,3,2,5,5,mixto,presencial,administracion-de-empresas
2,2,2,2,5,2,3,3,4,2,3,4,3,5,2,2,2,2,mixto,mixta,administracion-de-empresas
2,3,2,2,5,3,2,2,4,1,3,3,2,5,2,3,3,4,oficina,presencial,administracion-de-empresas
2,3,2,2,5,2,3,2,3,2,3,3,2,5,2,2,2,4,mixto,presencial,administracion-de-empresas
2,2,2,2,5,2,3,3,4,3,4,4,2,4,3,2,3,4,oficina,presencial,administracion-de-empresas
3,3,2,2,4,3,1,2,5,2,4,3,3,5,3,2,2,5,mixto,presencial,administracion-de-empresas
4,2,1,4,4,1,1,2,3,2,4,4,3,5,2,2,4,3,oficina,presencial,administracion-de-empresas
2,1,3,2,5,2,1,3,4,2,4,4,3,5,2,2,2,4,mixto,presencial,administracion-de-empresas
1,2,3,1,5,4,2,3,4,2,4,3,2,5,2,3,2,3,mixto,mixta,administracion-de-empresas
2,2,2,3,4,2,2,2,3,1,5,3,2,5,3,2,3,4,mixto,presencial,administracion-de-empresas
3,3,2,2,5,2,2,3,3,1,3,3,4,5,2,2,3,4,oficina,mixta,administracion-de-empresas
3,2,3,2,4,2,1,1,4,3,4,1,1,5,3,2,3,5,oficina,mixta,administracion-de-empresas
2,2,1,2,5,2,2,2,4,2,4,3,2,4,2,2,3,4,oficina,mixta,administracion-de-empresas
2,3,2,2,5,2,1,2,2,2,4,3,3,4,2,3,3,4,mixto,presencial,administracion-de-empresas
3,3,2,2,5,3,1,3,5,2,5,2,2,5,2,2,2,5,oficina,mixta,administracion-de-empresas
2,2,2,2,4,3,2,1,4,3,4,3,2,4,2,2,4,4,mixto,mixta,administracion-de-empresas
2,2,2,4,4,3,3,1,3,3,4,4,2,5,2,3,3,3,mixto,mixta,administracion-de-empresas
3,3,2,3,5,2,2,2,4,2,4,3,2,5,2,2,3,4,mixto,mixta,administracion-de-empresas
3,2,2,2,5,3,2,2,5,3,4,3,2,5,2,3,2,4,mixto,mixta,administracion-de-empresas
2,2,1,2,5,3,4,2,4,2,5,3,3,4,2,2,3,4,oficina,presencial,administracion-de-empresas
2,2,2,2,4,1,1,3,4,3,3,3,3,5,3,2,3,4,mixto,presencial,administracion-de-empresas
2,3,3,2,5,3,2,2,5,3,4,2,2,5,1,2,3,3,mixto,presencial,administracion-de-empresas
2,3,2,3,5,1,2,3,4,4,4,3,2,5,2,2,3,4,mixto,presencial,administracion-de-empresas
1,3,3,1,5,3,3,2,3,2,3,3,1,5,3,2,3,3,oficina,presencial,administracion-de-empresas
2,2,3,2,4,1,3,2,4,3,4,2,2,5,1,2,2,3,oficina,mixta,administracion-de-empresas
2,3,3,2,5,2,2,2,5,2,4,3,3,5,2,2,3,5,oficina,mixta,administracion-de-empresas
2,2,2,2,5,3,2,1,4,3,4,3,2,5,1,2,4,4,mixto,mixta,administracion-de-empresas
1,1,3,1,4,2,2,2,5,2,4,2,1,4,3,3,3,5,oficina,presencial,administracion-de-empresas
3,2,2,2,5,1,4,3,4,1,2,4,3,5,1,3,3,3,mixto,mixta,administracion-de-empresas
2,2,2,2,5,2,3,2,4,2,2,4,2,4,2,2,1,3,mixto,mixta,administracion-de-empresas
3,2,2,2,5,2,2,2,5,2,5,3,3,5,2,2,3,3,mixto,presencial,administracion-de-empresas
2,2,2,2,5,2,2,3,5,2,4,4,1,5,2,2,3,3,oficina,mixta,administracion-de-empresas
3,2,3,2,5,3,2,1,4,3,4,3,1,5,2,2,3,4,oficina,presencial,administracion-de-empresas
2,3,2,2,5,2,3,2,5,3,3,4,2,5,3,3,3,5,mixto,mixta,administracion-de-empresas
1,1,2,2,4,2,3,3,4,3,3,3,3,5,2,2,3,4,mixto,mixta,administracion-de-empresas
3,2,2,2,4,4,1,2,4,2,4,2,3,5,3,3,4,3,oficina,mixta,administracion-de-empresas
1,2,3,4,5,2,2,4,4,3,3,3,1,5,4,2,4,3,oficina,mixta,administracion-de-empresas
3,2,3,2,5,1,2,4,4,3,3,2,2,4,3,3,2,4,oficina,mixta,administracion-de-empresas
2,2,2,2,5,2,3,2,4,3,4,3,2,5,2,3,2,4,oficina,mixta,administracion-de-empresas
3,1,2,1,5,2,1,3,3,2,4,3,1,5,3,3,2,4,mixto,mixta,administracion-de-empresas
2,2,1,3,4,2,2,3,3,2,4,2,3,5,2,2,3,5,oficina,presencial,administracion-de-empresas
2,2,2,3,5,2,3,3,4,2,4,3,4,5,2,1,3,4,mixto,mixta,administracion-de-empresas
3,2,3,2,5,2,2,1,3,1,3,2,2,5,2,3,3,2,mixto,mixta,administracion-de-empresas
4,3,2,2,5,2,3,4,3,3,4,2,2,5,3,1,2,4,mixto,mixta,administracion-de-empresas
3,2,1,3,5,4,2,2,3,2,4,3,3,5,3,1,4,2,mixto,presencial,administracion-de-empresas
2,3,2,3,5,1,3,3,4,2,4,3,3,5,2,2,3,3,mixto,mixta,administracion-de-empresas
2,2,3,3,5,1,3,2,4,1,5,3,3,5,1,4,4,2,mixto,mixta,administracion-de-empresas
2,2,2,2,5,2,2,3,4,2,3,2,2,4,3,2,2,3,mixto,mixta,administracion-de-empresas
3,2,2,2,5,2,2,1,4,2,5,3,2,5,2,3,3,3,mixto,presencial,administracion-de-empresas
2,1,2,2,5,2,2,2,4,2,4,2,4,5,1,2,2,5,mixto,mixta,administracion-de-empresas
1,2,2,3,5,2,2,2,5,3,4,4,2,5,3,3,3,3,mixto,presencial,administracion-de-empresas
3,1,2,2,5,3,2,2,3,3,4,3,1,4,2,2,3,4,oficina,mixta,administracion-de-empresas
2,3,3,2,5,2,2,2,5,1,3,3,2,5,2,2,3,4,oficina,mixta,administracion-de-empresas
3,1,2,3,5,3,3,3,3,2,4,2,2,5,4,2,4,5,mixto,mixta,administracion-de-empresas
1,3,2,3,5,3,3,2,3,1,5,4,3,4,3,2,3,5,oficina,mixta,administracion-de-empresas
3,2,2,2,5,3,1,2,3,3,4,3,2,5,1,3,4,4,mixto,mixta,administracion-de-empresas
3,1,3,2,5,3,3,3,4,3,4,3,2,4,2,2,4,4,oficina,presencial,administracion-de-empresas
2,2,2,2,4,1,2,1,4,2,3,3,1,5,2,2,4,2,oficina,mixta,administracion-de-empresas
4,3,2,4,5,1,3,3,4,1,2,4,2,4,4,2,3,5,oficina,mixta,administracion-de-empresas
3,2,2,2,5,1,3,2,3,2,5,4,3,5,3,2,4,4,oficina,mixta,administracion-de-empresas
2,3,2,2,4,2,2,2,2,3,5,3,2,5,3,3,3,4,oficina,presencial,administracion-de-empresas
2,2,2,1,5,2,2,2,4,2,4,3,2,5,3,1,3,4,mixto,mixta,administracion-de-empresas
3,2,2,2,4,3,2,3,5,2,4,2,2,5,2,1,4,4,oficina,mixta,administracion-de-empresas
1,2,3,1,5,3,2,2,4,2,4,3,2,5,3,2,3,4,mixto,mixta,administracion-de-empresas
2,2,2,2,4,3,2,3,3,2,5,3,3,5,3,2,3,5,oficina,presencial,administracion-de-empresas
3,3,3,2,4,2,2,2,4,3,4,4,3,4,2,3,3,4,oficina,presencial,administracion-de-empresas
2,2,3,2,5,3,4,3,4,1,4,4,3,5,2,3,3,3,mixto,mixta,administracion-de-empresas
2,2,2,1,5,3,2,2,4,2,5,2,3,5,2,1,3,4,oficina,mixta,administracion-de-empresas
3,3,1,2,4,2,2,2,4,3,5,3,2,5,2,2,3,4,mixto,mixta,administracion-de-empresas
1,2,3,2,4,2,2,2,5,2,4,2,2,5,3,3,2,4,mixto,mixta,administracion-de-empresas
1,2,2,2,4,2,2,2,3,2,4,3,2,5,2,3,2,4,mixto,presencial,administracion-de-empresas
3,2,3,2,5,2,3,2,3,3,4,4,2,5,3,3,3,3,oficina,mixta,administracion-de-empresas
3,2,3,2,4,1,3,2,3,1,3,3,3,4,3,2,3,4,mixto,presencial,administracion-de-empresas
1,3,1,2,5,3,1,1,4,2,5,4,2,5,2,2,3,4,mixto,presencial,administracion-de-empresas
2,1,1,3,5,2,2,1,4,1,4,5,2,5,2,1,2,4,oficina,mixta,administracion-de-empresas
2,3,2,3,5,2,2,1,4,3,5,2,3,5,2,3,2,4,mixto,mixta,administracion-de-empresas
2,1,3,2,5,4,1,2,3,2,3,4,2,5,2,2,4,5,mixto,presencial,administracion-de-empresas
3,3,2,2,5,2,3,2,3,2,5,3,1,5,2,2,3,3,mixto,presencial,administracion-de-empresas
3,2,3,2,5,2,3,2,5,3,3,4,2,4,1,1,3,4,oficina,presencial,administracion-de-empresas
3,1,1,3,4,2,2,3,4,2,5,3,3,5,2,2,3,4,mixto,presencial,administracion-de-empresas
2,2,2,2,5,2,3,2,4,2,4,3,2,5,2,2,4,3,mixto,mixta,administracion-de-empresas
2,2,2,2,5,3,2,2,4,2,3,4,2,5,2,2,3,3,oficina,mixta,administracion-de-empresas
2,3,3,2,5,1,2,2,4,2,4,3,2,5,2,1,3,5,oficina,presencial,administracion-de-empresas
3,3,2,2,5,2,2,2,3,3,3,3,1,4,3,1,3,4,mixto,mixta,administracion-de-empresas
2,2,1,2,4,2,2,2,4,3,4,3,3,5,2,2,4,4,oficina,mixta,administracion-de-empresas
2,2,2,3,5,2,1,2,5,3,3,3,3,4,1,3,3,4,oficina,presencial,administracion-de-empresas
2,2,3,2,5,3,2,2,4,3,4,3,3,4,2,2,3,3,mixto,presencial,administracion-de-empresas
1,3,2,1,5,3,2,2,4,2,4,2,2,5,3,3,3,4,oficina,presencial,administracion-de-empresas
2,2,1,2,5,1,1,2,4,2,4,2,1,5,2,2,4,4,mixto,presencial,administracion-de-empresas
2,2,3,4,5,3,2,3,5,4,5,3,3,5,4,2,1,4,mixto,mixta,administracion-de-empresas
3,2,2,2,4,2,3,2,4,1,5,3,2,5,2,1,2,5,oficina,mixta,administracion-de-empresas
2,4,2,2,5,2,1,2,4,2,5,3,2,5,1,3,3,3,oficina,presencial,administracion-de-empresas
3,2,2,3,5,3,1,5,3,2,5,3,2,5,2,2,3,4,oficina,presencial,administracion-de-empresas
2,1,2,2,5,2,1,4,4,2,4,4,3,4,3,1,4,5,oficina,mixta,administracion-de-empresas
2,1,2,3,5,2,3,2,4,2,4,3,1,5,2,2,4,4,mixto,mixta,administracion-de-empresas
2,2,1,1,4,2,2,3,4,1,5,1,2,5,1,1,3,4,mixto,mixta,administracion-de-empresas
3,3,2,1,4,3,3,2,4,2,3,4,4,5,1,2,3,3,mixto,mixta,administracion-de-empresas
2,2,2,2,4,3,3,3,3,1,5,3,3,4,3,1,2,4,mixto,presencial,administracion-de-empresas
3,3,2,3,5,2,2,3,4,2,4,3,1,5,3,3,4,3,mixto,mixta,administracion-de-empresas
2,3,2,3,5,1,2,3,4,3,3,3,3,5,2,2,4,5,oficina,presencial,administracion-de-empresas
2,3,2,2,5,4,2,2,3,2,4,2,1,4,2,3,3,4,mixto,presencial,administracion-de-empresas
3,2,2,3,5,1,2,2,4,2,3,3,1,5,3,2,3,4,oficina,mixta,administracion-de-empresas
2,2,2,3,5,2,1,2,4,3,3,3,2,5,3,2,2,4,oficina,mixta,administracion-de-empresas
2,3,2,2,5,2,3,2,3,1,4,3,2,5,1,1,3,4,oficina,presencial,administracion-de-empresas
2,2,3,2,5,2,2,2,3,2,4,3,2,5,3,3,2,4,mixto,mixta,administracion-de-empresas
2,1,3,3,5,3,2,3,4,2,3,3,5,5,2,3,3,4,oficina,mixta,administracion-de-empresas
2,2,2,2,4,2,2,2,5,2,3,2,3,5,2,2,2,4,oficina,presencial,administracion-de-empresas
1,2,2,2,5,2,2,3,5,2,4,4,2,5,2,3,3,4,oficina,mixta,administracion-de-empresas
1,2,3,3,5,2,1,2,4,3,5,4,2,5,4,1,3,4,mixto,presencial,administracion-de-empresas
1,2,2,2,5,3,1,2,5,4,4,3,2,5,3,1,3,4,oficina,presencial,administracion-de-empresas
3,2,1,3,4,3,1,2,3,2,3,3,2,5,2,3,2,4,oficina,presencial,administracion-de-empresas
2,3,2,2,5,2,2,3,4,2,4,3,2,5,2,3,2,4,mixto,mixta,administracion-de-empresas
2,1,2,1,5,2,2,2,5,2,4,3,3,5,1,3,3,4,oficina,presencial,administracion-de-empresas
3,1,2,2,4,2,3,2,4,1,4,2,2,5,2,2,3,3,oficina,mixta,administracion-de-empresas
2,2,2,2,4,3,2,3,5,1,4,3,1,5,3,2,3,4,oficina,presencial,administracion-de-empresas
2,2,2,2,5,2,2,2,4,2,4,3,3,5,3,3,5,4,mixto,presencial,administracion-de-empresas
3,3,3,2,4,1,2,2,4,3,4,4,2,5,2,3,3,4,oficina,presencial,administracion-de-empresas
3,2,3,2,4,2,2,2,4,2,3,2,2,4,1,2,3,5,mixto,mixta,administracion-de-empresas
2,3,2,1,4,3,2,2,3,1,5,2,2,4,2,3,3,3,oficina,presencial,administracion-de-empresas
2,3,3,3,5,2,2,2,4,2,5,4,2,5,3,2,3,5,mixto,mixta,administracion-de-empresas
2,3,3,3,4,2,2,2,4,2,4,3,3,5,2,2,4,4,mixto,presencial,administracion-de-empresas
1,2,1,3,5,2,2,1,5,3,4,2,1,4,2,1,4,4,oficina,mixta,administracion-de-empresas
3,1,2,3,5,2,2,2,3,1,3,2,1,5,2,2,2,4,mixto,presencial,administracion-de-empresas
2,4,1,3,5,1,3,4,5,2,5,5,2,5,3,2,4,5,mixto,mixta,administracion-de-empresas
3,1,3,3,5,1,2,2,5,2,3,3,2,5,2,1,3,3,mixto,mixta,administracion-de-empresas
3,3,2,3,5,2,2,3,3,4,4,2,2,5,2,3,3,4,oficina,presencial,administracion-de-empresas
3,2,2,2,5,1,2,2,3,3,4,3,2,5,2,2,3,4,oficina,presencial,administracion-de-empresas
2,2,4,2,4,3,2,2,4,1,3,3,2,5,1,3,3,5,mixto,mixta,administracion-de-empresas
1,2,2,2,5,1,1,2,5,3,4,3,2,5,3,1,4,3,mixto,mixta,administracion-de-empresas
4,3,2,3,4,2,2,2,4,2,4,2,3,5,3,3,3,4,mixto,presencial,administracion-de-empresas
3,2,2,2,5,2,2,3,3,2,4,2,3,5,3,2,3,4,mixto,presencial,administracion-de-empresas
3,3,3,3,4,2,3,2,4,2,4,3,1,4,3,2,3,4,mixto,mixta,administracion-de-empresas
3,3,2,3,4,3,2,1,4,3,3,2,3,5,2,2,4,5,mixto,presencial,administracion-de-empresas
3,3,2,2,5,1,3,3,4,1,4,4,3,4,1,2,2,4,oficina,mixta,administracion-de-empresas
3,3,3,4,5,2,2,2,4,3,4,2,2,5,2,3,2,3,oficina,presencial,administracion-de-empresas
2,1,2,2,5,2,2,2,5,2,4,3,3,5,2,2,4,4,mixto,mixta,administracion-de-empresas
2,1,2,1,5,3,3,2,4,2,3,3,2,5,3,2,3,4,oficina,mixta,administracion-de-empresas
3,3,2,2,5,1,2,2,4,2,3,2,2,5,2,2,3,4,mixto,mixta,administracion-de-empresas
3,2,2,3,4,2,3,2,4,2,4,3,3,5,2,3,3,3,oficina,presencial,administracion-de-empresas
1,2,2,1,4,2,3,2,4,3,5,3,2,3,2,1,2,4,mixto,presencial,administracion-de-empresas
1,2,2,2,5,2,3,3,3,3,5,3,2,5,2,3,3,4,oficina,mixta,administracion-de-empresas
2,4,3,2,5,2,2,2,4,1,5,3,2,5,2,1,4,4,mixto,presencial,administracion-de-empresas
2,3,1,3,3,2,2,3,4,3,4,5,3,5,2,1,3,4,mixto,mixta,administracion-de-empresas
3,2,3,2,5,3,2,3,4,2,4,3,1,5,3,3,3,3,mixto,presencial,administracion-de-empresas
2,1,2,2,5,2,3,2,5,2,3,4,3,4,2,2,3,4,oficina,presencial,administracion-de-empresas
1,2,3,3,4,1,2,2,5,3,4,3,2,5,2,3,4,5,oficina,mixta,administracion-de-empresas
2,1,1,2,5,2,2,2,4,2,4,3,2,5,2,3,3,5,mixto,presencial,administracion-de-empresas
2,2,2,3,5,2,2,3,4,2,4,5,3,4,3,2,3,5,oficina,mixta,administracion-de-empresas
2,2,3,2,5,2,3,2,4,2,4,2,3,5,2,2,3,4,mixto,mixta,administracion-de-empresas
3,2,2,4,5,2,2,2,3,2,2,2,3,5,3,3,3,3,mixto,presencial,administracion-de-empresas
3,2,3,2,4,4,3,3,4,2,3,2,1,5,3,1,2,4,oficina,presencial,administracion-de-empresas
2,2,2,2,5,2,3,3,4,1,4,2,2,5,2,2,2,5,mixto,presencial,administracion-de-empresas
2,2,3,2,4,3,5,2,4,3,3,2,2,3,2,2,2,3,oficina,virtual,marketing-digital
2,2,1,1,4,4,4,2,5,2,3,1,2,3,2,3,2,3,mixto,virtual,marketing-digital
3,3,3,1,4,3,3,2,5,1,4,2,1,2,2,2,3,3,mixto,virtual,marketing-digital
3,2,2,3,5,3,3,3,5,1,3,3,2,3,2,3,2,3,mixto,virtual,marketing-digital
1,1,4,3,3,3,4,3,5,2,3,3,1,3,1,2,1,3,oficina,mixta,marketing-digital
3,1,3,2,4,3,5,2,5,2,2,2,3,3,2,1,3,2,oficina,mixta,marketing-digital
2,2,4,2,5,4,3,2,5,3,3,1,2,4,2,2,2,3,mixto,virtual,marketing-digital
2,3,4,2,4,3,3,2,4,3,2,2,2,2,1,1,1,3,oficina,virtual,marketing-digital
2,2,4,2,3,3,4,3,5,1,3,2,2,2,3,3,4,1,mixto,virtual,marketing-digital
3,3,5,2,3,4,5,2,5,3,3,2,2,3,1,2,3,2,oficina,virtual,marketing-digital
2,3,3,3,4,3,5,3,5,2,3,2,2,4,2,2,2,3,oficina,virtual,marketing-digital
2,3,3,3,4,3,4,3,5,2,3,2,1,4,2,2,2,3,mixto,mixta,marketing-digital
2,3,2,1,4,4,4,2,4,3,3,3,2,5,2,1,2,1,oficina,virtual,marketing-digital
2,3,3,3,3,3,3,3,5,2,3,1,2,2,2,2,3,2,oficina,mixta,marketing-digital
1,3,3,1,4,3,5,2,5,2,3,2,2,3,2,2,2,2,mixto,mixta,marketing-digital
1,2,2,3,4,4,4,2,4,2,5,2,1,3,3,1,3,1,oficina,virtual,marketing-digital
2,2,3,2,3,2,5,3,5,2,2,2,2,3,2,3,2,2,mixto,mixta,marketing-digital
3,3,3,3,4,4,4,3,5,2,3,2,2,2,2,3,3,4,oficina,virtual,marketing-digital
3,3,2,2,4,2,3,3,5,2,2,2,3,2,2,2,2,2,oficina,virtual,marketing-digital
2,1,3,1,3,3,3,3,5,2,3,2,3,4,2,2,2,2,mixto,virtual,marketing-digital
3,2,3,3,5,3,4,2,5,1,2,2,3,4,2,2,2,1,oficina,virtual,marketing-digital
3,2,3,3,2,2,4,2,5,3,2,1,2,4,3,3,2,2,mixto,mixta,marketing-digital
4,2,3,1,4,4,4,2,5,1,3,2,2,2,2,2,2,1,oficina,virtual,marketing-digital
2,2,3,3,4,3,4,3,5,2,3,2,3,3,2,2,3,3,oficina,mixta,marketing-digital
2,2,3,1,3,2,4,1,4,2,3,3,1,3,2,2,2,2,mixto,mixta,marketing-digital
2,2,2,3,4,2,5,3,5,2,3,1,2,3,2,2,2,2,mixto,mixta,marketing-digital
2,2,2,3,4,4,3,3,5,1,4,3,2,3,1,2,2,2,oficina,virtual,marketing-digital
2,2,3,2,3,4,5,2,4,3,2,3,3,3,2,3,3,1,mixto,mixta,marketing-digital
3,2,4,2,4,3,4,1,3,2,2,3,2,3,2,2,2,2,mixto,virtual,marketing-digital
3,3,3,3,4,4,5,2,5,1,2,3,3,4,2,3,2,3,oficina,mixta,marketing-digital
2,4,2,3,5,3,4,4,5,1,2,1,2,3,3,3,2,2,mixto,mixta,marketing-digital
2,2,3,3,3,4,4,1,5,3,3,1,3,4,2,3,2,2,oficina,mixta,marketing-digital
1,2,2,2,4,3,5,3,5,3,5,3,2,4,2,1,3,3,oficina,virtual,marketing-digital
1,1,3,2,4,3,4,2,5,3,2,2,2,4,3,2,2,3,oficina,mixta,marketing-digital
2,2,2,3,3,3,5,3,5,2,4,2,1,3,3,2,2,2,oficina,mixta,marketing-digital
2,2,3,2,4,2,4,2,4,3,2,1,3,3,1,2,3,1,mixto,mixta,marketing-digital
3,3,2,2,5,2,4,2,5,3,2,2,2,4,1,2,2,3,mixto,mixta,marketing-digital
2,1,3,1,5,3,4,3,5,3,3,1,3,2,2,4,3,3,oficina,mixta,marketing-digital
2,2,3,2,4,3,4,1,5,2,3,3,2,4,3,1,3,2,oficina,mixta,marketing-digital
2,2,3,2,3,4,4,1,5,2,3,2,3,3,2,2,2,2,mixto,mixta,marketing-digital
2,3,3,4,4,4,4,3,5,2,4,2,2,3,2,2,2,3,oficina,virtual,marketing-digital
2,2,3,2,4,2,4,2,4,2,3,2,2,3,2,3,2,3,oficina,virtual,marketing-digital
1,4,3,2,3,2,4,2,5,1,1,3,3,4,2,2,1,3,mixto,mixta,marketing-digital
2,2,3,1,5,1,5,1,5,2,3,2,3,3,2,3,2,3,mixto,virtual,marketing-digital
2,3,4,2,4,3,5,3,5,2,3,2,3,3,4,1,2,1,oficina,virtual,marketing-digital
2,1,3,2,5,2,5,3,5,2,3,3,3,2,4,2,3,2,oficina,virtual,marketing-digital
4,2,4,2,4,3,4,3,5,1,3,2,1,4,3,3,2,1,mixto,mixta,marketing-digital
2,2,2,2,4,4,5,3,4,2,4,2,3,3,2,2,2,2,mixto,mixta,marketing-digital
2,2,3,3,4,3,5,4,4,4,3,1,4,4,3,2,2,2,oficina,mixta,marketing-digital
3,3,2,3,5,2,4,2,5,2,4,3,2,2,2,3,2,2,mixto,mixta,marketing-digital
2,3,2,3,5,3,4,3,5,3,3,3,2,3,3,2,2,3,oficina,virtual,marketing-digital
2,3,3,2,5,2,5,3,5,3,2,3,1,3,3,2,2,2,mixto,virtual,marketing-digital
2,3,4,2,5,3,4,1,5,2,3,2,2,2,1,3,2,1,mixto,mixta,marketing-digital
4,2,3,2,4,3,4,3,5,2,3,2,3,3,3,3,3,2,oficina,mixta,marketing-digital
3,2,1,2,4,3,4,1,5,2,2,3,2,3,2,2,3,2,oficina,virtual,marketing-digital
3,3,3,3,4,3,4,2,5,2,3,3,3,4,2,4,2,1,oficina,mixta,marketing-digital
1,2,2,2,3,3,4,3,5,3,2,3,2,3,2,3,2,3,oficina,mixta,marketing-digital
1,2,4,2,3,4,4,3,5,3,3,2,3,2,1,3,3,2,oficina,mixta,marketing-digital
3,2,3,3,4,2,5,2,4,3,2,1,2,2,2,2,2,3,mixto,virtual,marketing-digital
3,1,3,3,3,3,4,2,5,2,3,2,1,4,2,4,2,3,oficina,mixta,marketing-digital
2,2,2,2,5,2,3,3,5,3,3,3,3,3,2,3,3,3,oficina,mixta,marketing-digital
2,1,4,2,5,3,5,3,5,2,2,2,2,3,2,2,2,2,oficina,virtual,marketing-digital
3,1,3,2,4,3,5,3,5,2,3,3,1,3,2,3,3,2,oficina,virtual,marketing-digital
2,1,3,2,5,3,4,2,5,2,3,2,2,3,2,2,3,3,mixto,mixta,marketing-digital
1,2,2,2,3,3,4,2,5,2,3,1,3,3,2,1,2,2,oficina,mixta,marketing-digital
2,2,3,3,5,3,5,2,5,2,2,2,2,2,3,1,2,3,oficina,mixta,marketing-digital
1,2,2,1,5,3,3,4,4,3,3,2,1,3,1,2,2,3,mixto,mixta,marketing-digital
3,3,3,1,4,4,3,2,5,1,2,2,3,2,2,3,1,2,oficina,virtual,marketing-digital
2,3,3,3,4,4,4,2,5,3,3,2,1,3,2,2,2,2,oficina,virtual,marketing-digital
3,3,4,2,5,3,5,2,4,2,4,1,1,3,2,1,2,3,mixto,mixta,marketing-digital
1,2,4,1,4,3,4,2,4,2,3,1,3,3,2,2,3,1,mixto,mixta,marketing-digital
2,2,4,3,3,3,4,3,3,3,3,2,2,2,3,1,3,2,mixto,mixta,marketing-digital
2,3,2,2,5,2,5,2,4,1,4,3,2,3,2,2,3,2,mixto,mixta,marketing-digital
2,1,2,2,4,3,5,2,5,1,3,4,2,4,2,3,3,2,oficina,mixta,marketing-digital
4,2,3,2,5,4,4,2,4,2,3,3,2,2,2,3,2,3,oficina,mixta,marketing-digital
1,2,2,3,4,4,5,2,5,2,3,3,3,3,3,3,3,1,oficina,mixta,marketing-digital
2,1,2,1,4,2,4,2,3,2,4,2,2,3,1,3,3,2,oficina,virtual,marketing-digital
2,2,3,2,4,3,4,3,5,2,3,2,3,3,1,2,3,2,oficina,mixta,marketing-digital
1,3,3,2,4,3,4,3,5,2,2,2,1,3,2,3,2,2,mixto,virtual,marketing-digital
1,2,4,4,3,3,3,3,5,3,3,2,1,3,2,1,2,2,mixto,virtual,marketing-digital
2,3,3,3,4,2,4,3,4,2,4,2,2,3,3,2,3,1,oficina,virtual,marketing-digital
2,2,3,3,4,3,5,2,5,3,4,3,1,3,3,1,2,1,oficina,mixta,marketing-digital
2,2,4,3,3,3,3,1,5,2,3,3,2,3,1,3,2,2,mixto,mixta,marketing-digital
2,3,3,4,4,3,3,1,5,2,2,1,2,3,2,2,1,2,oficina,virtual,marketing-digital
2,2,3,2,4,3,5,2,4,2,4,3,3,1,3,2,3,2,oficina,mixta,marketing-digital
3,2,3,2,5,4,4,2,5,2,3,3,2,3,3,2,2,1,oficina,mixta,marketing-digital
2,2,4,2,4,3,4,2,4,3,3,2,2,3,3,3,1,3,oficina,virtual,marketing-digital
2,3,3,3,4,3,4,3,5,1,2,4,2,4,2,2,2,2,mixto,mixta,marketing-digital
2,3,4,2,4,3,4,2,4,2,3,2,2,3,2,2,2,3,mixto,virtual,marketing-digital
3,1,2,2,3,4,4,3,3,2,2,1,1,3,2,3,3,1,mixto,virtual,marketing-digital
2,3,3,3,5,3,4,2,5,3,2,1,3,3,2,3,2,1,mixto,mixta,marketing-digital
3,3,4,2,4,5,3,1,5,2,3,3,3,3,2,1,3,2,mixto,virtual,marketing-digital
2,2,3,2,5,3,5,2,5,2,2,3,3,2,2,2,3,3,mixto,virtual,marketing-digital
2,4,3,2,4,2,4,2,5,2,3,2,2,3,3,3,2,2,mixto,virtual,marketing-digital
2,2,2,2,4,2,5,2,4,1,3,3,3,3,2,1,2,1,mixto,mixta,marketing-digital
3,2,4,2,4,3,4,1,5,2,3,2,1,3,2,2,2,3,mixto,virtual,marketing-digital
3,1,2,3,4,3,4,3,5,2,2,2,2,3,2,2,1,2,mixto,mixta,marketing-digital
2,3,2,2,3,3,4,2,5,1,2,3,2,3,2,3,1,1,mixto,virtual,marketing-digital
2,2,4,3,3,2,4,2,5,3,2,2,3,4,2,2,3,2,oficina,virtual,marketing-digital
3,2,3,2,5,4,4,3,5,3,3,3,1,2,2,3,3,1,mixto,virtual,marketing-digital
3,4,1,2,5,2,5,3,5,4,4,2,2,3,2,2,2,2,mixto,virtual,marketing-digital
3,2,2,3,3,3,4,1,5,3,4,2,2,3,2,3,2,3,mixto,virtual,marketing-digital
2,2,2,1,3,2,4,1,5,1,4,2,2,3,2,2,2,2,oficina,virtual,marketing-digital
1,1,3,3,4,4,4,2,5,3,3,2,2,2,3,2,2,2,mixto,virtual,marketing-digital
2,3,3,4,3,3,4,2,5,2,4,2,2,3,1,2,2,1,mixto,mixta,marketing-digital
1,2,4,1,5,4,5,2,5,3,3,1,2,4,3,2,2,2,oficina,mixta,marketing-digital
1,4,3,3,4,3,5,2,5,3,3,2,1,3,2,3,3,1,mixto,virtual,marketing-digital
2,2,3,3,5,3,4,1,5,2,4,2,2,2,2,3,3,2,oficina,mixta,marketing-digital
2,3,2,2,4,2,4,3,4,2,2,2,1,4,1,2,2,3,mixto,virtual,marketing-digital
2,3,4,2,3,4,4,3,5,2,3,2,3,2,3,2,3,2,oficina,virtual,marketing-digital
1,1,4,2,4,4,3,2,5,2,3,2,3,3,1,1,3,2,oficina,mixta,marketing-digital
3,2,4,2,4,1,4,2,5,2,4,2,2,2,2,2,4,3,oficina,virtual,marketing-digital
2,1,3,2,4,3,5,3,4,2,3,3,1,3,2,4,2,2,oficina,virtual,marketing-digital
2,1,3,1,4,3,4,1,5,3,2,2,2,3,3,3,1,1,oficina,virtual,marketing-digital
2,2,3,2,3,4,4,3,5,3,3,2,1,3,3,3,2,2,oficina,virtual,marketing-digital
2,2,4,1,3,3,4,2,5,3,3,3,1,4,2,3,3,2,oficina,virtual,marketing-digital
2,3,4,1,4,3,4,3,5,2,2,1,2,4,3,1,2,2,oficina,mixta,marketing-digital
2,2,4,2,3,2,4,2,4,1,4,2,4,4,3,1,2,1,mixto,virtual,marketing-digital
2,3,4,2,5,3,3,2,5,1,3,1,2,3,3,3,2,2,oficina,virtual,marketing-digital
2,2,3,2,4,2,5,3,5,2,3,2,3,3,2,2,4,3,oficina,mixta,marketing-digital
1,1,3,3,5,4,3,2,5,2,3,2,3,4,1,2,3,2,oficina,virtual,marketing-digital
2,3,3,3,4,4,4,2,5,2,2,2,1,4,3,2,3,1,oficina,virtual,marketing-digital
1,2,2,2,4,3,4,3,5,3,2,3,3,3,4,1,3,2,mixto,mixta,marketing-digital
3,3,2,3,4,2,5,3,5,1,3,1,2,2,3,2,1,2,oficina,virtual,marketing-digital
3,2,1,3,4,4,3,3,5,2,4,2,2,3,3,2,2,4,mixto,virtual,marketing-digital
3,1,3,3,3,3,3,2,5,3,4,3,3,3,2,3,2,2,mixto,virtual,marketing-digital
2,1,2,2,4,3,4,2,5,3,3,3,2,2,3,2,3,2,mixto,mixta,marketing-digital
2,2,3,2,3,3,4,1,4,2,3,2,2,2,1,3,1,2,mixto,mixta,marketing-digital
4,3,2,1,5,3,5,4,5,2,3,2,2,3,4,3,3,1,oficina,mixta,marketing-digital
3,2,4,3,4,4,3,2,5,3,3,2,2,1,2,1,3,3,mixto,mixta,marketing-digital
3,2,3,2,4,3,3,2,5,3,3,2,2,3,1,3,3,2,mixto,mixta,marketing-digital
2,3,2,2,5,3,3,2,5,1,2,2,2,3,2,1,3,3,mixto,virtual,marketing-digital
2,3,3,1,4,4,4,2,5,3,3,3,3,3,2,2,1,3,oficina,mixta,marketing-digital
3,2,3,3,4,3,4,2,5,2,4,2,2,3,3,3,2,1,mixto,virtual,marketing-digital
1,1,4,3,5,2,4,2,5,2,3,2,1,3,2,2,2,2,mixto,virtual,marketing-digital
2,2,2,3,4,3,4,1,4,2,3,2,2,4,2,2,2,2,mixto,virtual,marketing-digital
1,2,3,2,4,3,4,3,5,3,2,3,1,2,1,3,3,3,mixto,virtual,marketing-digital
2,2,3,2,5,3,4,3,4,1,4,3,2,3,5,3,2,3,mixto,virtual,marketing-digital
3,2,2,2,4,2,4,3,5,2,4,2,1,3,1,1,1,3,oficina,mixta,marketing-digital
2,3,2,2,4,3,3,2,5,3,3,2,2,2,1,4,2,1,oficina,virtual,marketing-digital
2,2,3,3,4,3,4,2,4,3,3,3,2,3,2,2,1,2,oficina,mixta,marketing-digital
2,1,2,2,3,4,3,2,4,2,4,3,2,3,2,1,2,2,mixto,mixta,marketing-digital
3,2,3,1,4,2,4,2,4,1,3,1,2,2,3,2,1,1,oficina,virtual,marketing-digital
2,1,5,2,5,3,3,2,5,2,2,3,3,4,2,1,3,2,oficina,mixta,marketing-digital
1,1,4,3,4,3,4,3,4,2,2,2,3,2,3,1,2,2,mixto,mixta,marketing-digital
2,2,2,3,4,4,4,3,5,2,4,2,1,4,3,1,3,1,mixto,virtual,marketing-digital
1,3,4,2,4,4,4,3,4,1,3,3,2,3,1,1,2,2,mixto,virtual,marketing-digital
3,1,3,2,4,3,5,2,5,2,2,3,2,3,2,1,3,2,mixto,mixta,marketing-digital
2,2,3,2,3,4,4,3,5,2,3,2,1,3,3,3,2,3,mixto,mixta,marketing-digital
2,3,2,3,5,3,4,2,5,3,3,3,2,3,2,3,2,2,mixto,mixta,marketing-digital
2,3,2,3,4,4,4,2,4,2,4,2,2,3,3,3,2,3,mixto,virtual,marketing-digital
2,4,3,3,4,4,5,2,5,2,2,1,2,3,2,2,1,3,mixto,virtual,marketing-digital
3,2,2,2,4,2,5,2,5,3,3,2,2,3,2,2,2,3,oficina,mixta,marketing-digital
2,2,3,2,3,3,4,2,5,3,3,3,2,3,3,2,2,1,oficina,mixta,marketing-digital
3,2,2,2,3,3,3,2,5,1,1,2,2,3,3,3,2,2,mixto,mixta,marketing-digital
1,2,3,3,2,3,4,2,5,2,3,3,2,3,3,1,1,2,mixto,virtual,marketing-digital
2,1,2,2,4,4,4,3,5,1,3,2,1,2,2,1,2,1,oficina,mixta,marketing-digital
2,2,3,2,4,2,4,2,4,1,3,3,2,3,2,1,2,2,mixto,mixta,marketing-digital
2,1,4,3,4,2,3,1,5,2,3,1,3,2,2,3,2,1,oficina,virtual,marketing-digital
2,2,4,2,4,2,5,2,5,2,3,2,3,4,1,2,2,2,oficina,mixta,marketing-digital
3,3,3,4,2,1,3,3,4,5,2,2,3,2,4,3,5,2,campo,mixta,enfermeria
2,5,3,5,2,3,3,2,3,5,2,2,2,2,5,2,4,2,mixto,presencial,enfermeria
2,3,2,5,2,4,1,2,5,5,3,2,3,2,5,3,4,2,mixto,presencial,enfermeria
2,3,3,5,2,2,2,2,3,4,3,3,2,2,5,4,4,2,mixto,presencial,enfermeria
2,5,2,4,2,1,2,2,4,5,3,2,2,2,5,2,4,2,mixto,presencial,enfermeria
2,5,2,5,2,2,2,3,5,5,2,1,2,2,4,3,4,1,campo,mixta,enfermeria
2,4,2,5,3,2,2,3,4,5,3,2,2,3,4,2,4,2,campo,mixta,enfermeria
3,4,3,5,3,3,1,2,3,5,2,1,3,3,5,2,4,3,mixto,presencial,enfermeria
2,5,2,4,3,1,2,2,5,5,2,3,2,3,5,3,5,2,campo,mixta,enfermeria
2,4,3,5,1,2,1,3,5,4,2,1,2,2,5,3,4,2,campo,mixta,enfermeria
3,4,2,5,1,2,3,2,4,5,2,3,2,3,5,2,5,1,mixto,presencial,enfermeria
3,5,1,5,2,2,3,3,4,5,2,2,3,2,5,4,4,3,mixto,presencial,enfermeria
2,5,1,5,3,2,3,2,4,4,3,2,2,3,5,2,5,2,campo,mixta,enfermeria
2,4,2,4,1,1,3,2,4,5,3,3,2,3,5,3,4,1,campo,presencial,enfermeria
3,4,3,5,3,1,1,3,3,5,2,2,2,2,5,3,4,2,campo,mixta,enfermeria
1,3,3,4,3,2,2,2,4,5,2,2,3,2,5,3,3,2,mixto,presencial,enfermeria
2,4,2,5,2,3,2,2,4,5,2,4,1,4,5,2,4,2,mixto,mixta,enfermeria
3,4,1,5,1,3,3,1,4,5,1,2,1,3,5,3,4,2,mixto,mixta,enfermeria
3,4,2,5,3,4,3,2,3,5,2,3,2,3,4,3,4,1,mixto,mixta,enfermeria
3,5,1,4,2,3,2,1,4,4,1,2,2,2,4,2,5,2,campo,mixta,enfermeria
2,4,3,5,3,2,3,2,4,5,1,2,2,1,5,5,5,2,campo,presencial,enfermeria
2,5,1,5,3,1,2,3,3,4,3,3,1,3,3,3,4,2,mixto,mixta,enfermeria
2,5,3,5,3,2,3,1,4,5,2,3,2,2,4,2,3,2,campo,mixta,enfermeria
2,4,2,5,2,2,1,2,5,5,3,2,1,3,5,2,4,2,mixto,mixta,enfermeria
2,4,2,5,2,1,1,3,4,5,2,2,2,1,4,2,3,1,mixto,mixta,enfermeria
1,4,2,5,3,1,1,3,3,5,3,2,2,2,5,3,4,2,mixto,mixta,enfermeria
3,4,3,5,2,2,2,2,5,5,3,2,2,2,5,4,4,2,mixto,mixta,enfermeria
3,3,2,4,3,3,2,2,3,5,3,2,3,3,5,3,4,2,campo,mixta,enfermeria
2,3,2,5,2,2,2,2,3,5,3,2,2,2,5,2,2,2,mixto,presencial,enfermeria
2,4,2,5,2,2,2,2,5,5,2,3,3,2,4,3,4,3,mixto,mixta,enfermeria
2,3,2,5,2,3,3,1,4,5,2,2,3,3,4,2,3,2,campo,presencial,enfermeria
2,4,2,4,1,2,3,2,4,4,2,1,1,2,5,3,3,2,campo,mixta,enfermeria
2,4,2,5,2,2,1,3,4,4,3,2,2,3,5,2,4,2,campo,presencial,enfermeria
3,3,3,4,2,2,4,2,2,5,2,2,2,3,5,4,3,3,mixto,presencial,enfermeria
2,4,2,5,1,3,2,2,4,5,2,2,3,3,5,3,4,2,campo,mixta,enfermeria
2,4,3,5,2,2,1,2,5,5,2,2,3,3,5,2,3,1,mixto,mixta,enfermeria
2,4,1,5,3,2,3,3,3,5,1,3,2,2,5,3,3,3,mixto,mixta,enfermeria
2,4,2,5,2,3,2,2,4,4,2,2,3,2,5,3,3,3,mixto,mixta,enfermeria
1,4,1,4,3,3,2,2,5,5,3,3,3,2,5,3,4,1,mixto,mixta,enfermeria
3,3,2,5,3,2,2,2,3,5,2,3,2,3,5,3,4,3,mixto,presencial,enfermeria
2,4,2,5,3,2,2,2,4,5,2,2,2,3,5,3,5,2,campo,presencial,enfermeria
2,4,2,5,3,2,1,2,4,4,3,3,2,2,5,3,3,3,mixto,presencial,enfermeria
3,4,3,5,2,1,1,2,4,3,2,2,4,2,5,3,4,1,mixto,mixta,enfermeria
2,4,2,4,1,2,2,2,4,5,2,1,3,3,5,4,4,2,campo,mixta,enfermeria
2,4,2,5,2,4,1,2,5,5,2,3,2,3,4,2,4,1,mixto,presencial,enfermeria
3,3,2,5,3,2,2,3,3,5,2,3,1,2,5,3,3,2,campo,presencial,enfermeria
2,5,1,5,2,3,2,2,3,5,2,2,1,2,5,4,4,2,campo,presencial,enfermeria
2,5,2,5,2,3,2,2,4,5,2,3,1,3,5,4,4,2,mixto,presencial,enfermeria
3,3,2,5,2,1,3,3,3,5,2,3,3,3,5,3,4,1,campo,presencial,enfermeria
1,4,2,5,2,3,3,2,4,4,3,2,1,2,4,4,5,1,campo,mixta,enfermeria
3,5,2,5,3,2,3,3,4,5,1,3,1,2,5,3,3,3,campo,mixta,enfermeria
1,4,2,5,2,3,2,2,3,5,1,2,2,3,5,4,4,1,campo,presencial,enfermeria
1,5,3,5,2,1,2,1,4,5,2,2,3,2,4,3,4,3,campo,mixta,enfermeria
2,3,3,5,2,2,2,2,4,5,2,3,1,3,5,3,5,1,campo,mixta,enfermeria
3,3,1,4,3,2,3,2,5,4,2,3,1,3,4,3,3,1,campo,mixta,enfermeria
3,4,2,5,4,2,3,4,3,5,3,3,2,1,5,3,4,2,campo,mixta,enfermeria
3,3,4,5,3,2,1,2,3,5,2,2,2,3,5,3,4,2,campo,mixta,enfermeria
2,2,2,5,3,3,3,3,4,5,2,1,2,3,5,3,3,3,mixto,presencial,enfermeria
2,4,2,4,3,2,1,2,5,5,1,2,3,2,5,4,4,2,campo,mixta,enfermeria
2,4,2,5,3,2,2,2,4,5,2,2,3,2,4,4,4,3,mixto,presencial,enfermeria
3,3,4,5,3,3,2,3,4,4,2,2,2,2,5,3,5,2,campo,presencial,enfermeria
2,3,2,4,2,2,2,4,4,5,2,1,1,3,5,4,4,3,mixto,presencial,enfermeria
2,4,3,5,2,2,3,2,4,4,3,2,1,2,5,3,4,2,mixto,mixta,enfermeria
3,5,2,4,2,2,2,2,4,5,2,3,3,2,5,3,4,2,campo,mixta,enfermeria
2,4,1,5,3,3,3,2,4,4,2,2,2,2,5,3,5,2,mixto,presencial,enfermeria
2,3,2,5,2,2,1,3,5,5,2,3,3,3,5,3,4,2,campo,presencial,enfermeria
4,4,4,5,1,3,2,2,4,5,2,3,2,3,4,2,5,1,campo,presencial,enfermeria
2,4,1,5,1,2,2,3,4,5,4,3,2,2,5,3,3,2,campo,presencial,enfermeria
2,4,3,4,2,3,1,2,5,5,2,2,2,2,5,4,4,2,mixto,presencial,enfermeria
1,4,3,5,2,2,2,3,5,4,2,2,3,3,4,3,4,1,campo,mixta,enfermeria
3,5,3,4,1,1,2,2,4,5,2,2,3,2,4,3,3,3,campo,mixta,enfermeria
2,4,3,4,3,2,2,1,5,5,2,3,3,2,5,3,2,1,mixto,presencial,enfermeria
2,3,3,5,3,2,2,2,3,4,3,1,1,2,5,2,4,2,campo,presencial,enfermeria
2,3,3,4,1,3,2,3,4,4,2,2,4,2,3,3,3,2,campo,presencial,enfermeria
3,4,2,4,2,3,2,2,5,5,1,2,3,3,5,3,4,2,mixto,mixta,enfermeria
1,5,2,5,2,2,2,2,4,5,2,2,2,2,5,4,5,1,campo,presencial,enfermeria
1,3,2,5,3,2,2,3,4,5,2,2,2,2,4,3,3,1,mixto,presencial,enfermeria
3,3,2,5,2,2,1,2,4,5,2,3,2,2,5,2,4,2,campo,presencial,enfermeria
3,4,2,5,4,2,1,2,4,5,2,2,2,3,5,4,4,4,campo,mixta,enfermeria
2,4,2,5,1,3,3,1,5,5,2,2,3,2,5,3,4,2,campo,presencial,enfermeria
2,5,2,5,2,2,3,3,4,5,2,1,2,3,5,3,4,2,mixto,mixta,enfermeria
3,5,2,5,2,3,2,1,3,5,2,3,3,3,5,2,4,2,campo,mixta,enfermeria
2,4,2,3,2,2,4,2,3,5,3,1,1,1,5,3,5,2,campo,presencial,enfermeria
3,3,1,5,4,1,1,3,3,5,4,2,2,1,4,3,4,2,campo,presencial,enfermeria
3,4,3,5,2,3,2,2,4,5,2,3,1,2,5,4,3,2,campo,mixta,enfermeria
2,3,2,5,3,2,2,2,3,4,1,2,2,3,4,3,3,1,mixto,mixta,enfermeria
3,3,2,4,3,2,2,2,3,5,2,1,2,2,5,3,4,2,campo,mixta,enfermeria
2,3,2,5,3,3,3,2,4,5,3,3,2,1,5,2,3,2,campo,mixta,enfermeria
2,5,3,5,1,1,2,3,5,5,2,2,2,3,5,2,4,2,campo,presencial,enfermeria
2,4,2,4,1,1,2,2,4,5,3,3,1,2,5,3,4,1,campo,mixta,enfermeria
2,4,2,5,1,2,2,3,5,5,1,2,2,1,5,3,5,2,campo,mixta,enfermeria
1,4,2,4,4,3,2,4,5,5,2,2,2,3,5,3,4,1,campo,presencial,enfermeria
2,4,3,5,2,2,3,1,4,4,2,1,1,2,5,3,4,2,campo,presencial,enfermeria
2,3,1,5,1,1,2,2,3,4,2,2,2,3,5,3,4,2,campo,mixta,enfermeria
2,4,1,4,2,3,2,3,5,5,2,3,2,3,5,3,5,2,mixto,mixta,enfermeria
3,5,3,5,2,3,2,2,5,5,2,3,3,2,5,3,4,2,mixto,presencial,enfermeria
3,5,1,5,1,1,2,3,4,5,2,3,3,2,5,2,3,2,campo,mixta,enfermeria
2,3,2,5,4,2,3,3,4,5,3,2,3,2,5,2,3,3,campo,presencial,enfermeria
2,4,2,5,2,1,3,2,5,4,1,3,2,3,5,3,5,3,mixto,mixta,enfermeria
2,3,3,5,2,2,2,2,4,5,2,3,3,2,5,3,4,2,mixto,presencial,enfermeria
1,3,2,5,2,1,2,2,4,5,1,2,4,3,5,3,3,3,mixto,presencial,enfermeria
2,5,2,5,2,2,2,2,3,4,2,2,2,3,4,2,3,3,mixto,mixta,enfermeria
2,3,4,5,2,2,1,2,4,5,1,2,2,1,5,4,4,1,campo,mixta,enfermeria
2,4,1,5,1,2,2,2,4,5,2,3,3,3,5,3,4,2,campo,presencial,enfermeria
2,4,1,5,1,3,2,2,4,4,4,1,2,2,5,4,3,1,mixto,presencial,enfermeria
1,4,2,4,3,2,3,2,5,5,1,2,2,3,5,4,4,3,campo,mixta,enfermeria
3,3,2,5,2,3,2,2,5,5,3,3,2,2,5,3,3,2,mixto,mixta,enfermeria
2,5,2,5,2,2,2,2,4,4,3,1,2,2,5,3,5,1,campo,mixta,enfermeria
3,4,2,5,2,4,1,1,4,4,3,3,2,1,4,4,4,3,mixto,mixta,enfermeria
2,4,1,5,3,2,2,2,3,5,2,1,3,2,5,3,5,2,campo,mixta,enfermeria
2,5,2,4,2,3,3,1,4,4,3,2,3,2,5,3,2,2,campo,presencial,enfermeria
2,4,3,5,1,2,1,1,3,5,2,2,2,2,5,2,4,1,mixto,presencial,enfermeria
2,4,2,4,3,2,3,3,4,4,3,2,2,2,5,2,4,3,campo,mixta,enfermeria
1,4,3,5,3,2,2,1,4,5,1,1,2,3,5,3,4,1,mixto,mixta,enfermeria
2,4,3,4,3,2,1,2,4,5,2,2,2,2,5,2,4,2,mixto,mixta,enfermeria
2,5,2,5,2,4,3,3,4,5,3,3,3,2,5,2,4,2,campo,mixta,enfermeria
1,3,4,5,1,2,2,2,4,5,2,2,2,2,5,3,5,2,mixto,presencial,enfermeria
3,4,2,4,3,1,3,2,4,5,1,3,2,2,5,2,4,2,mixto,mixta,enfermeria
2,4,3,5,3,1,2,2,4,5,3,2,4,2,5,2,4,2,campo,mixta,enfermeria
3,4,2,5,3,2,1,1,4,5,2,2,2,3,5,2,4,2,campo,mixta,enfermeria
1,4,3,4,2,2,3,2,4,5,2,3,3,2,5,3,5,2,campo,mixta,enfermeria
3,4,2,4,2,3,2,2,4,5,3,2,1,1,5,2,4,2,campo,mixta,enfermeria
1,3,3,5,2,2,2,3,4,5,1,3,2,2,4,2,5,2,mixto,presencial,enfermeria
2,4,3,5,4,3,2,2,4,5,2,2,2,2,5,3,4,1,mixto,presencial,enfermeria
3,4,2,5,2,2,1,2,5,5,3,2,3,2,5,3,4,1,campo,presencial,enfermeria
2,5,3,4,2,3,3,2,4,5,2,2,3,2,5,3,4,2,mixto,presencial,enfermeria
2,3,2,5,1,2,2,2,4,5,2,2,2,2,5,3,5,2,mixto,mixta,enfermeria
3,4,1,5,2,2,2,3,4,5,3,3,3,3,5,3,4,2,mixto,mixta,enfermeria
2,3,2,4,3,2,2,2,4,5,2,1,2,2,5,2,4,2,campo,mixta,enfermeria
1,5,2,5,2,1,3,2,4,4,2,1,2,2,5,3,5,2,campo,presencial,enfermeria
1,2,2,5,4,2,1,2,4,5,3,3,2,3,5,2,3,2,campo,mixta,enfermeria
3,4,1,4,2,2,2,2,4,4,3,3,2,2,5,3,4,1,mixto,mixta,enfermeria
1,4,2,5,3,3,2,1,4,5,3,3,2,3,5,3,4,3,mixto,presencial,enfermeria
2,4,1,5,2,3,2,2,3,5,2,3,2,3,5,4,5,2,campo,presencial,enfermeria
2,4,2,4,3,2,2,1,4,5,2,1,2,2,5,2,4,3,campo,presencial,enfermeria
2,5,2,5,3,3,3,2,4,5,3,2,2,3,3,3,5,3,mixto,presencial,enfermeria
2,4,1,5,1,3,2,4,5,5,3,2,3,3,5,3,4,2,campo,presencial,enfermeria
2,4,3,5,2,2,3,2,3,5,2,2,3,2,5,3,4,2,campo,mixta,enfermeria
2,4,2,5,2,2,3,2,4,4,2,3,3,3,4,3,4,1,campo,presencial,enfermeria
3,4,2,5,3,3,2,2,4,5,3,3,3,2,5,3,5,1,campo,presencial,enfermeria
1,4,2,5,3,2,2,3,4,5,1,2,1,1,5,3,4,2,mixto,mixta,enfermeria
2,3,3,4,1,2,2,2,4,5,2,1,1,3,5,3,5,2,campo,presencial,enfermeria
2,5,3,5,3,3,3,2,3,5,2,3,2,1,5,3,4,3,mixto,presencial,enfermeria
1,3,2,4,2,3,3,2,4,5,3,2,3,2,3,4,4,2,mixto,mixta,enfermeria
2,4,1,4,2,2,3,2,2,5,2,3,1,1,5,3,4,3,mixto,presencial,enfermeria
3,4,2,5,3,3,3,3,4,5,2,1,2,2,4,2,4,2,mixto,mixta,enfermeria
3,3,2,4,2,2,2,3,3,5,3,2,2,2,5,3,4,3,campo,mixta,enfermeria
2,4,2,4,2,3,3,2,5,5,3,2,2,2,5,3,5,2,campo,mixta,enfermeria
2,3,2,4,1,3,2,3,4,5,2,2,2,3,5,2,3,2,mixto,presencial,enfermeria
2,4,3,5,1,2,2,2,4,5,3,2,1,1,5,2,3,2,mixto,presencial,enfermeria
2,3,1,4,2,2,1,2,5,5,1,3,3,2,4,2,5,2,campo,presencial,enfermeria
3,3,2,5,2,2,2,3,4,5,3,1,2,2,4,2,3,3,mixto,mixta,enfermeria
2,3,3,5,2,2,3,2,3,5,3,2,3,3,5,4,4,1,campo,mixta,enfermeria
2,5,2,4,2,3,3,3,5,4,2,2,2,3,5,3,3,1,mixto,presencial,enfermeria
3,4,2,5,3,2,2,1,4,5,2,2,3,1,4,3,5,2,mixto,mixta,enfermeria
2,4,3,5,2,3,2,2,4,5,2,2,3,3,5,3,4,3,mixto,mixta,enfermeria
3,4,3,5,2,3,1,2,4,5,1,1,2,3,5,3,3,2,campo,presencial,enfermeria
3,3,3,5,2,3,2,3,4,4,1,2,2,3,5,2,4,2,campo,presencial,enfermeria
2,5,1,5,3,1,2,3,3,4,2,2,2,4,5,4,4,1,mixto,mixta,enfermeria
4,4,2,5,3,2,1,3,4,5,1,2,3,2,5,3,5,2,campo,presencial,enfermeria
2,2,2,5,1,4,2,3,2,3,3,4,3,2,3,5,2,4,laboratorio,presencial,biologia
1,3,2,5,3,3,2,3,2,2,2,4,1,2,4,4,1,4,campo,presencial,biologia
3,1,2,5,2,2,2,3,2,2,1,3,3,2,4,5,3,4,campo,presencial,biologia
2,2,2,5,2,4,3,4,2,1,2,4,3,3,5,5,2,3,campo,mixta,biologia
2,3,2,5,2,1,2,3,2,1,3,2,3,3,4,4,3,5,campo,mixta,biologia
3,3,1,5,1,3,2,3,3,2,3,3,2,2,4,5,2,4,laboratorio,presencial,biologia
2,2,3,5,2,2,2,2,3,2,2,3,2,3,4,5,3,4,laboratorio,mixta,biologia
4,3,2,5,2,4,3,2,3,3,1,3,2,2,3,5,2,3,laboratorio,presencial,biologia
1,2,1,5,2,1,2,3,3,2,1,2,1,3,4,5,2,4,laboratorio,mixta,biologia
2,1,2,4,1,2,2,4,1,2,2,4,2,1,4,5,3,4,laboratorio,presencial,biologia
1,2,2,5,1,3,4,3,3,3,2,3,2,4,3,4,3,4,campo,mixta,biologia
2,2,2,5,2,3,3,4,2,2,2,3,2,2,4,5,3,4,laboratorio,presencial,biologia
4,1,1,5,3,3,1,4,1,2,2,4,3,2,4,4,3,3,laboratorio,presencial,biologia
1,2,2,5,2,2,2,2,1,2,2,4,2,2,4,4,3,4,campo,presencial,biologia
2,1,1,5,2,3,3,4,3,3,2,2,1,2,4,5,2,3,campo,mixta,biologia
3,2,2,4,3,4,1,2,1,2,2,4,3,2,3,4,3,4,laboratorio,mixta,biologia
2,2,3,5,3,3,3,3,1,2,3,3,4,2,4,5,2,5,campo,mixta,biologia
1,4,2,5,3,3,2,2,1,2,2,3,2,2,3,5,2,5,campo,presencial,biologia
2,1,1,5,2,3,2,2,2,1,1,3,2,2,4,5,2,4,laboratorio,mixta,biologia
2,2,3,5,2,3,2,2,3,2,2,2,2,2,5,5,3,4,laboratorio,presencial,biologia
2,2,2,4,3,4,1,3,2,1,1,2,2,3,4,5,2,3,laboratorio,presencial,biologia
2,2,3,5,2,2,3,3,3,2,2,3,2,3,4,5,3,4,campo,mixta,biologia
3,3,2,5,2,3,2,3,1,2,3,3,2,2,4,5,2,3,campo,mixta,biologia
2,2,3,4,2,3,3,3,3,2,3,3,2,2,4,5,2,4,laboratorio,mixta,biologia
2,2,2,5,4,3,2,4,2,3,2,2,2,2,3,4,2,5,laboratorio,presencial,biologia
2,3,3,5,2,4,1,2,1,2,1,4,2,2,5,5,3,5,laboratorio,presencial,biologia
3,2,2,5,2,3,2,2,2,1,2,3,1,3,5,5,3,3,campo,mixta,biologia
2,3,1,5,1,3,3,3,2,1,3,3,3,2,4,5,3,3,campo,mixta,biologia
3,3,2,5,1,4,3,3,3,2,2,2,3,2,4,4,2,4,laboratorio,presencial,biologia
3,2,2,4,2,4,2,2,2,2,1,3,2,4,3,5,1,4,campo,presencial,biologia
2,2,1,4,2,3,4,3,1,2,3,4,3,2,4,4,2,4,laboratorio,mixta,biologia
3,3,2,4,3,3,2,3,3,2,2,3,3,3,3,5,4,4,campo,mixta,biologia
5,2,1,5,2,4,3,2,3,3,2,3,1,2,4,5,2,5,laboratorio,mixta,biologia
2,3,2,5,3,3,2,2,2,2,2,2,3,1,5,4,3,5,campo,presencial,biologia
3,2,3,5,2,3,3,3,2,3,3,3,2,2,4,5,3,5,laboratorio,mixta,biologia
2,2,2,5,3,4,2,4,2,2,2,3,3,3,5,5,3,4,laboratorio,mixta,biologia
3,2,2,4,3,3,2,2,3,2,3,3,2,2,4,5,3,4,laboratorio,presencial,biologia
2,2,3,5,2,3,3,3,2,2,3,3,3,2,4,5,2,3,laboratorio,presencial,biologia
2,3,2,5,3,3,3,4,2,2,1,3,2,2,4,4,3,4,laboratorio,presencial,biologia
2,1,3,5,3,3,3,3,2,2,3,3,1,2,5,5,2,4,laboratorio,mixta,biologia
3,2,2,4,2,3,2,3,2,2,2,3,3,3,4,5,3,4,campo,mixta,biologia
2,1,1,5,2,2,3,4,2,2,1,3,3,2,4,3,2,4,laboratorio,mixta,biologia
2,3,3,5,2,3,3,3,3,1,3,3,2,2,4,4,3,4,campo,presencial,biologia
2,3,4,4,2,3,2,3,2,1,2,4,2,2,3,5,1,4,campo,mixta,biologia
1,1,2,5,1,4,2,3,3,2,2,3,3,3,4,5,1,4,laboratorio,presencial,biologia
2,2,2,5,3,3,2,3,2,3,2,2,2,3,4,5,2,4,laboratorio,presencial,biologia
3,1,3,5,3,2,2,3,1,1,1,3,1,1,4,5,1,4,laboratorio,mixta,biologia
3,2,1,4,2,3,2,4,3,2,3,4,2,2,4,5,3,4,campo,presencial,biologia
2,3,2,5,2,2,3,2,3,1,2,4,2,2,4,5,3,4,campo,presencial,biologia
1,3,2,5,2,5,3,4,3,4,2,2,2,3,3,5,2,4,campo,presencial,biologia
2,3,3,5,3,3,3,3,2,3,1,3,3,2,5,5,2,4,campo,mixta,biologia
2,3,2,5,2,2,2,3,1,1,2,3,2,2,4,5,2,4,laboratorio,presencial,biologia
2,2,2,5,2,3,3,3,3,2,2,4,2,2,4,5,3,5,campo,mixta,biologia
3,3,1,5,2,3,3,3,2,1,2,4,2,2,4,5,2,5,campo,presencial,biologia
3,3,2,5,2,3,2,4,2,1,2,2,3,3,4,5,2,4,campo,mixta,biologia
2,2,2,5,4,2,2,4,2,2,2,3,2,2,3,5,2,4,campo,presencial,biologia
2,3,3,5,3,2,3,5,3,2,2,3,3,1,4,5,2,4,laboratorio,mixta,biologia
2,2,3,5,3,4,3,2,3,2,3,3,1,2,4,4,2,3,laboratorio,mixta,biologia
2,3,1,5,2,3,2,3,2,2,3,3,1,2,4,5,2,4,campo,mixta,biologia
1,3,1,5,2,2,1,2,2,2,2,4,1,3,3,4,3,4,campo,presencial,biologia
2,3,2,5,1,3,1,3,2,3,2,3,2,2,5,5,2,4,laboratorio,presencial,biologia
2,3,3,5,2,3,2,4,1,2,2,3,2,2,4,5,3,4,laboratorio,mixta,biologia
2,3,2,5,4,3,4,2,1,2,2,3,3,3,3,5,2,4,campo,mixta,biologia
2,2,3,5,2,4,2,3,2,2,2,3,2,3,4,5,2,4,laboratorio,presencial,biologia
3,1,2,4,2,3,3,3,2,2,2,3,1,2,4,5,3,4,campo,mixta,biologia
2,3,2,4,2,3,2,4,4,2,2,4,3,2,4,5,3,4,campo,mixta,biologia
1,1,1,5,3,3,2,3,2,3,3,2,3,1,4,5,2,4,campo,presencial,biologia
2,3,2,4,3,3,2,3,2,1,2,4,2,1,4,5,4,3,campo,presencial,biologia
2,3,2,5,4,3,2,4,1,2,2,3,3,2,4,5,3,3,laboratorio,mixta,biologia
2,3,1,5,1,2,3,3,2,2,3,3,3,2,5,5,2,3,campo,presencial,biologia
3,2,3,5,3,4,2,3,2,2,3,3,2,1,4,5,2,4,laboratorio,presencial,biologia
2,2,1,4,1,3,2,3,2,2,2,3,3,3,4,5,2,4,laboratorio,mixta,biologia
3,1,2,5,2,4,3,3,2,2,1,3,2,2,3,5,1,4,laboratorio,presencial,biologia
2,3,3,5,3,3,2,4,2,2,2,3,2,2,4,5,3,5,laboratorio,mixta,biologia
2,2,3,5,2,2,2,4,2,2,3,2,2,2,4,4,3,4,laboratorio,mixta,biologia
3,1,2,5,2,3,2,2,3,1,3,3,2,2,3,5,2,2,laboratorio,presencial,biologia
1,2,2,4,1,3,2,3,2,3,2,3,2,3,3,5,2,5,campo,mixta,biologia
2,3,3,4,2,4,1,3,2,2,2,3,1,3,4,5,2,3,campo,mixta,biologia
4,3,3,5,1,3,2,3,3,1,3,3,2,1,4,5,1,3,campo,presencial,biologia
1,2,3,5,3,2,3,4,2,2,3,3,3,2,3,4,2,3,laboratorio,presencial,biologia
2,3,2,5,3,3,1,2,3,3,2,3,1,1,3,5,3,5,campo,mixta,biologia
1,2,2,5,2,3,4,3,2,2,1,4,3,1,3,4,3,5,laboratorio,presencial,biologia
2,3,2,5,2,2,3,4,1,2,3,3,3,2,5,5,3,5,laboratorio,mixta,biologia
1,2,2,4,2,2,1,2,2,2,3,2,2,2,3,5,2,4,laboratorio,presencial,biologia
3,2,2,4,2,2,3,2,2,1,2,3,3,2,3,5,3,3,campo,presencial,biologia
2,3,1,4,3,2,2,4,1,1,1,2,2,1,5,5,2,4,campo,presencial,biologia
1,2,2,5,2,3,2,3,1,2,3,4,3,2,5,5,3,3,campo,mixta,biologia
2,3,2,5,2,3,2,3,2,1,2,4,2,3,5,5,3,4,laboratorio,mixta,biologia
2,1,3,5,2,3,2,4,3,1,2,3,2,2,3,4,2,3,laboratorio,presencial,biologia
2,2,2,5,3,3,1,3,2,2,2,3,2,3,4,4,3,4,campo,presencial,biologia
3,2,2,4,1,3,3,4,2,3,1,3,2,2,4,5,2,3,laboratorio,mixta,biologia
2,3,2,4,2,3,2,3,2,1,2,3,3,3,4,5,2,5,laboratorio,mixta,biologia
3,2,1,5,2,2,2,2,2,3,2,3,2,2,4,5,3,4,laboratorio,mixta,biologia
2,2,3,5,3,2,2,3,2,3,2,3,2,2,3,5,1,4,laboratorio,presencial,biologia
5,2,4,5,2,4,2,2,2,2,2,3,2,2,5,5,3,5,laboratorio,mixta,biologia
2,2,1,5,2,3,2,3,2,3,2,4,1,2,4,5,3,5,laboratorio,mixta,biologia
1,1,2,5,3,3,3,2,3,2,2,3,3,2,4,5,2,4,laboratorio,mixta,biologia
2,2,1,4,2,3,3,2,1,2,2,3,2,3,4,5,3,4,campo,mixta,biologia
2,3,3,5,2,3,1,5,2,2,2,3,1,3,4,5,2,4,laboratorio,presencial,biologia
2,1,3,5,2,4,2,4,2,3,2,3,2,3,4,5,3,4,laboratorio,presencial,biologia
3,2,1,5,2,4,3,4,2,2,2,3,2,3,4,5,2,3,campo,mixta,biologia
2,2,2,4,2,4,2,5,2,1,2,3,2,1,4,5,2,4,campo,mixta,biologia
2,2,2,5,2,2,2,2,2,1,1,3,2,1,4,5,2,4,laboratorio,mixta,biologia
2,2,3,4,3,3,2,2,2,2,2,2,2,2,5,5,2,4,laboratorio,presencial,biologia
2,1,3,5,2,4,3,3,2,2,4,3,2,3,3,5,1,3,laboratorio,mixta,biologia
2,3,3,5,3,4,2,3,2,2,2,3,1,2,4,4,3,4,campo,presencial,biologia
2,2,3,5,2,3,3,3,2,1,1,4,3,3,3,5,3,4,laboratorio,presencial,biologia
3,1,2,5,3,2,2,4,3,1,3,3,3,1,5,5,1,5,laboratorio,mixta,biologia
3,2,1,5,2,4,2,3,1,3,2,3,3,3,5,5,1,5,laboratorio,mixta,biologia
2,2,1,5,2,4,2,3,2,2,3,3,2,3,4,5,2,4,laboratorio,presencial,biologia
2,2,2,5,2,3,3,1,2,1,2,4,3,2,5,5,2,4,laboratorio,mixta,biologia
2,2,3,5,2,4,3,3,2,3,1,3,3,1,5,5,4,4,laboratorio,presencial,biologia
2,2,2,5,2,3,2,3,2,1,2,3,3,2,3,5,2,4,laboratorio,presencial,biologia
2,1,2,5,3,3,2,2,2,2,2,3,2,1,4,5,2,4,campo,mixta,biologia
2,2,2,5,2,4,3,3,1,2,2,3,2,2,3,4,2,4,laboratorio,mixta,biologia
2,2,2,4,3,4,3,5,2,3,2,2,2,2,4,4,2,3,campo,mixta,biologia
3,2,2,5,2,3,2,3,2,3,2,4,3,2,4,5,2,5,laboratorio,presencial,biologia
3,2,4,5,1,2,3,3,3,2,2,3,2,2,4,5,2,4,campo,presencial,biologia
3,2,1,4,3,3,2,3,2,2,2,4,1,2,4,4,2,4,campo,presencial,biologia
2,3,2,5,2,5,3,3,1,1,2,2,2,2,4,5,3,4,campo,presencial,biologia
2,3,2,5,1,2,1,3,2,1,3,3,2,2,4,5,3,4,laboratorio,mixta,biologia
2,2,2,4,2,4,2,3,2,2,2,2,3,1,4,5,2,5,laboratorio,presencial,biologia
3,2,2,5,2,2,1,4,1,1,2,4,2,2,4,5,3,4,laboratorio,presencial,biologia
2,2,3,5,2,3,3,3,1,3,3,3,2,1,4,4,1,4,campo,mixta,biologia
2,1,2,4,2,4,4,2,2,2,2,3,2,2,3,5,3,5,campo,mixta,biologia
3,2,2,5,3,3,2,3,2,1,2,5,1,3,4,5,2,5,laboratorio,mixta,biologia
2,2,3,5,2,4,2,3,1,3,2,3,3,2,5,5,1,5,laboratorio,presencial,biologia
2,3,4,4,2,3,3,2,2,1,2,4,1,1,5,5,3,4,campo,mixta,biologia
1,1,3,5,2,3,3,3,2,1,3,3,1,1,4,4,3,5,laboratorio,mixta,biologia
2,2,3,5,2,4,2,3,1,3,3,3,2,3,3,4,3,5,laboratorio,presencial,biologia
2,2,3,4,3,3,2,4,2,2,2,2,3,2,3,5,2,5,laboratorio,mixta,biologia
2,2,3,5,2,2,3,3,3,3,2,3,3,2,4,5,3,3,laboratorio,presencial,biologia
2,3,3,4,3,4,2,2,1,2,3,3,3,1,4,5,2,3,laboratorio,presencial,biologia
2,1,3,5,1,3,3,2,3,3,2,3,3,3,4,5,2,4,campo,presencial,biologia
3,3,4,5,3,3,1,3,3,1,3,3,3,2,4,5,3,4,laboratorio,presencial,biologia
4,3,2,5,2,4,3,2,2,1,3,4,3,2,3,4,2,5,campo,presencial,biologia
2,2,2,4,2,3,2,3,1,3,1,3,2,2,3,5,1,5,campo,presencial,biologia
1,3,2,5,2,3,1,3,1,2,2,2,2,3,4,5,1,5,campo,mixta,biologia
2,2,2,5,1,4,2,4,3,3,2,3,2,1,4,5,3,4,laboratorio,mixta,biologia
2,2,2,5,3,1,2,3,3,2,2,4,3,2,5,5,2,4,laboratorio,presencial,biologia
2,2,2,5,2,3,2,4,1,3,1,4,2,2,3,5,1,4,laboratorio,presencial,biologia
2,3,2,4,2,3,1,3,1,2,2,3,2,2,4,5,2,5,campo,presencial,biologia
2,2,3,5,2,3,2,3,1,2,2,2,1,2,4,4,2,5,laboratorio,mixta,biologia
2,3,2,5,2,2,3,3,2,3,1,4,3,3,4,5,2,4,campo,presencial,biologia
2,2,2,5,3,4,2,4,3,3,2,4,2,2,5,5,2,4,campo,mixta,biologia
2,3,1,5,3,4,1,3,1,1,2,3,2,3,4,5,2,4,laboratorio,presencial,biologia
3,1,2,5,2,3,2,2,2,2,1,4,3,2,5,5,1,3,campo,presencial,biologia
3,3,1,4,2,3,2,3,2,2,2,3,2,3,4,5,1,4,laboratorio,presencial,biologia
2,2,3,5,2,3,3,3,2,2,3,2,1,3,4,5,1,5,laboratorio,presencial,biologia
3,2,3,5,3,2,2,3,2,2,3,2,2,2,3,5,2,4,laboratorio,mixta,biologia
3,2,3,4,2,4,2,2,2,1,3,4,3,1,3,5,3,5,laboratorio,mixta,biologia
3,1,2,5,2,3,3,3,3,1,2,4,2,1,5,5,2,4,campo,presencial,biologia
1,2,2,5,3,2,2,3,2,1,1,2,2,3,3,4,2,4,laboratorio,presencial,biologia
2,2,2,5,2,2,2,4,2,1,1,3,2,2,3,4,2,4,laboratorio,presencial,biologia
2,2,3,5,3,2,2,3,1,2,2,1,3,2,5,5,2,4,laboratorio,presencial,biologia
2,2,2,5,2,4,3,2,2,2,3,2,2,2,4,5,2,3,laboratorio,mixta,biologia
3,2,3,4,3,3,3,3,2,1,3,4,3,1,5,5,1,4,campo,mixta,biologia
4,2,2,5,2,3,1,2,2,2,3,3,1,3,4,5,3,5,laboratorio,presencial,biologia
3,3,2,5,2,4,3,3,2,2,2,3,3,3,5,5,2,4,laboratorio,mixta,biologia
1,2,2,5,2,3,2,3,2,2,2,2,2,2,2,4,2,3,campo,mixta,biologia
2,4,2,3,2,1,2,2,5,5,2,2,2,3,1,4,4,1,campo,presencial,educacion
2,4,2,2,1,3,3,2,5,4,2,2,2,4,1,4,4,2,mixto,presencial,educacion
2,4,2,1,2,2,3,2,5,5,2,2,2,4,2,5,3,2,mixto,mixta,educacion
2,4,3,2,3,2,2,2,4,4,2,3,3,3,2,4,5,2,campo,mixta,educacion
2,4,3,2,2,2,3,3,5,4,2,2,3,4,2,4,4,1,mixto,mixta,educacion
4,3,2,4,2,2,2,3,5,4,1,1,1,3,2,2,4,2,campo,presencial,educacion
3,3,2,2,3,3,2,3,4,4,1,3,2,4,3,4,4,3,campo,presencial,educacion
2,4,1,2,2,2,2,2,5,3,2,3,2,2,2,4,4,1,mixto,presencial,educacion
3,4,2,2,1,3,2,1,5,4,2,2,2,3,2,3,3,3,mixto,presencial,educacion
3,4,3,2,2,1,2,2,5,3,2,3,2,4,2,4,4,1,campo,mixta,educacion
3,4,2,2,2,1,2,2,5,5,2,1,3,3,3,4,4,2,mixto,presencial,educacion
2,4,1,4,2,3,2,1,5,4,1,3,2,4,2,5,4,1,mixto,mixta,educacion
3,4,3,2,2,2,2,2,5,4,2,1,2,3,3,4,5,2,campo,presencial,educacion
2,3,3,3,2,3,2,2,5,3,3,2,2,2,3,4,4,2,mixto,mixta,educacion
2,4,3,3,2,3,2,2,5,5,2,3,2,3,3,4,5,2,mixto,presencial,educacion
2,4,3,3,2,2,2,2,5,4,2,3,2,4,2,4,4,2,mixto,mixta,educacion
3,4,3,2,3,2,1,2,4,4,3,2,4,2,1,4,4,1,campo,mixta,educacion
2,5,2,3,2,3,3,3,4,4,2,2,1,3,3,3,4,2,campo,mixta,educacion
3,4,3,3,3,2,2,4,5,4,2,2,3,2,2,4,5,2,campo,presencial,educacion
2,5,3,2,3,2,1,2,5,5,4,2,1,3,2,3,5,2,campo,mixta,educacion
2,3,3,1,3,2,2,3,5,4,2,3,1,3,1,3,4,3,campo,mixta,educacion
2,4,2,1,3,2,2,2,4,3,2,2,2,2,1,3,5,2,campo,mixta,educacion
3,4,2,3,3,3,2,1,5,5,1,2,1,4,3,3,4,2,campo,mixta,educacion
2,4,2,1,3,2,3,3,5,4,2,1,2,4,2,4,4,2,mixto,presencial,educacion
3,5,1,3,1,1,1,2,5,4,2,2,3,3,2,4,5,2,campo,presencial,educacion
1,4,2,1,1,1,1,2,4,3,2,2,3,4,2,5,4,2,campo,presencial,educacion
2,4,2,2,3,3,3,3,4,3,1,2,1,4,2,3,4,2,mixto,presencial,educacion
2,4,3,2,3,3,3,2,4,5,3,2,2,3,1,5,3,2,mixto,presencial,educacion
3,4,2,2,1,3,3,2,4,4,1,1,2,3,2,4,4,2,campo,presencial,educacion
3,4,3,2,2,2,3,3,5,4,2,3,2,3,1,4,2,2,mixto,mixta,educacion
1,4,3,2,2,2,2,2,5,4,3,2,2,4,2,4,3,1,campo,mixta,educacion
2,5,3,2,2,2,1,2,5,3,2,3,3,3,2,5,3,2,campo,mixta,educacion
2,4,3,1,2,3,2,2,5,4,3,2,3,3,2,4,3,3,mixto,presencial,educacion
3,5,2,3,2,3,3,1,5,4,2,2,3,4,1,4,5,4,campo,presencial,educacion
2,4,2,3,1,3,2,2,5,3,2,1,3,4,2,5,3,2,campo,presencial,educacion
3,4,2,1,2,2,2,1,5,5,2,2,2,4,2,4,4,2,mixto,presencial,educacion
2,3,2,3,1,2,2,2,5,4,3,2,2,3,2,4,3,2,mixto,mixta,educacion
3,4,1,2,4,3,1,2,4,4,3,3,1,3,2,4,4,3,mixto,mixta,educacion
2,3,3,3,1,3,3,3,5,4,3,3,3,3,2,4,4,2,mixto,presencial,educacion
3,4,2,2,2,2,2,4,4,3,3,1,2,4,2,4,5,3,campo,mixta,educacion
2,4,1,2,1,2,2,3,4,4,1,2,2,2,2,4,5,3,campo,presencial,educacion
3,3,1,3,2,2,2,1,5,5,3,2,3,3,2,4,5,1,mixto,presencial,educacion
2,4,2,2,2,3,2,2,5,3,2,3,2,2,2,4,4,2,campo,presencial,educacion
2,3,2,1,3,2,1,3,5,4,2,2,2,4,2,4,4,2,mixto,mixta,educacion
1,5,2,1,2,2,2,2,4,4,3,2,2,2,3,4,4,1,mixto,mixta,educacion
2,4,3,2,2,1,1,3,5,3,1,2,2,3,2,5,4,2,mixto,mixta,educacion
3,4,2,2,3,3,2,1,5,4,2,2,1,2,3,4,4,2,mixto,mixta,educacion
2,4,2,1,2,2,3,3,5,3,3,2,2,3,1,3,4,1,mixto,presencial,educacion
2,5,2,3,2,2,3,2,5,4,1,2,2,3,3,3,3,2,campo,mixta,educacion
2,4,1,1,1,2,2,2,5,5,2,2,3,3,2,4,5,1,campo,presencial,educacion
2,4,2,1,3,3,1,3,5,4,3,3,2,2,2,5,4,2,campo,mixta,educacion
3,5,3,3,2,2,2,2,5,4,1,3,2,3,2,4,3,3,campo,mixta,educacion
3,4,3,1,2,1,1,3,5,3,3,2,3,3,2,4,3,2,campo,presencial,educacion
2,5,2,2,2,2,1,2,5,4,3,2,2,3,2,3,4,2,mixto,presencial,educacion
3,4,3,3,4,2,2,2,5,3,1,3,2,2,1,4,4,2,mixto,mixta,educacion
2,4,1,3,3,2,3,2,5,4,2,3,2,3,2,5,3,2,campo,presencial,educacion
2,3,2,2,1,3,2,2,5,4,2,1,2,3,2,4,3,3,mixto,mixta,educacion
2,4,4,2,2,2,2,3,5,5,1,3,3,3,2,4,4,2,mixto,mixta,educacion
2,4,2,3,3,1,3,2,5,5,2,3,2,4,3,2,4,2,campo,presencial,educacion
1,3,2,3,3,3,2,2,5,4,2,3,3,3,2,4,5,3,campo,presencial,educacion
3,4,3,3,2,3,2,3,5,3,3,3,4,4,1,3,4,2,mixto,mixta,educacion
2,4,2,2,3,2,1,2,4,4,1,3,2,3,3,4,4,2,campo,mixta,educacion
3,3,1,1,1,2,2,2,4,4,2,2,2,3,3,5,4,3,campo,mixta,educacion
3,3,2,2,1,2,2,1,5,3,2,3,1,2,3,2,4,2,campo,presencial,educacion
3,4,3,2,2,2,1,2,5,3,2,2,2,3,3,4,5,2,campo,mixta,educacion
2,5,3,3,4,3,2,2,5,4,2,2,1,3,2,4,5,3,campo,presencial,educacion
2,3,3,1,2,3,2,2,5,4,3,2,2,3,2,3,5,3,campo,mixta,educacion
2,3,3,2,3,2,2,4,5,4,2,2,1,3,2,4,4,2,campo,presencial,educacion
2,5,2,1,3,2,3,2,4,5,1,2,2,3,2,4,4,2,campo,presencial,educacion
3,5,2,1,3,3,2,2,5,4,2,4,3,2,2,5,5,2,campo,mixta,educacion
2,5,2,1,1,2,2,2,5,4,2,1,3,2,2,4,4,1,mixto,mixta,educacion
2,4,3,1,3,3,3,2,5,5,3,1,1,4,1,3,5,2,campo,mixta,educacion
2,5,1,3,1,1,2,2,4,5,3,2,2,2,2,3,3,2,mixto,presencial,educacion
2,4,2,3,2,1,2,4,5,4,2,3,2,4,2,5,4,2,mixto,presencial,educacion
3,3,3,3,2,2,2,2,4,4,1,2,3,4,2,4,4,1,campo,mixta,educacion
2,4,2,3,2,2,2,2,5,4,2,2,2,2,2,3,4,2,mixto,presencial,educacion
1,3,3,2,1,3,3,2,5,4,2,2,2,4,2,4,5,2,mixto,presencial,educacion
3,4,2,2,2,2,1,2,4,4,3,3,2,3,3,3,4,2,mixto,presencial,educacion
1,4,2,2,2,3,2,3,5,3,1,2,1,3,2,5,4,2,campo,mixta,educacion
2,4,2,2,2,3,1,2,5,4,1,3,3,3,2,4,5,3,mixto,mixta,educacion
2,4,1,3,3,2,2,2,5,4,3,3,2,3,3,4,5,1,mixto,mixta,educacion
2,4,2,4,4,2,1,1,4,4,1,2,2,3,2,4,3,3,mixto,presencial,educacion
2,4,1,2,2,2,2,3,5,5,2,3,2,2,2,4,3,2,mixto,mixta,educacion
2,4,2,1,2,3,2,2,5,3,2,3,2,3,3,4,5,1,mixto,mixta,educacion
2,4,3,2,2,2,2,2,5,2,2,2,3,3,1,4,3,2,campo,mixta,educacion
4,3,3,3,2,1,2,1,5,4,1,2,3,3,2,5,3,2,mixto,mixta,educacion
2,3,3,3,2,2,2,1,5,4,2,3,3,2,2,5,4,3,mixto,presencial,educacion
2,5,2,3,1,3,2,2,5,4,2,2,2,4,4,4,4,2,mixto,mixta,educacion
2,3,2,2,3,3,4,2,5,4,2,3,3,4,3,4,4,2,mixto,mixta,educacion
1,5,2,2,2,2,2,2,5,4,1,2,3,3,3,4,4,2,mixto,presencial,educacion
2,3,2,1,2,2,2,3,5,5,3,2,2,4,1,5,5,3,campo,mixta,educacion
2,4,3,2,2,2,2,2,5,3,3,3,1,3,2,4,4,1,campo,presencial,educacion
2,4,2,2,2,1,3,3,5,5,2,2,3,3,2,4,5,2,campo,mixta,educacion
3,3,3,4,2,1,2,3,5,4,1,2,3,3,3,5,4,3,mixto,presencial,educacion
2,5,2,2,2,2,3,2,5,5,3,1,1,3,2,4,3,2,mixto,presencial,educacion
2,5,3,2,2,3,2,3,5,4,3,2,3,4,2,4,5,3,mixto,presencial,educacion
2,4,3,3,2,3,2,2,5,3,2,4,2,4,2,4,4,1,campo,presencial,educacion
2,4,2,3,3,2,2,3,4,4,2,2,2,3,2,4,3,3,mixto,presencial,educacion
3,4,2,2,1,2,2,3,4,4,3,2,2,3,2,4,3,2,mixto,mixta,educacion
2,3,3,2,4,3,3,4,4,5,3,2,2,3,2,4,4,3,campo,mixta,educacion
2,4,1,2,2,2,3,2,5,3,2,2,3,2,2,5,3,2,campo,mixta,educacion
2,4,3,1,1,3,3,2,4,4,2,2,4,2,3,4,5,1,mixto,presencial,educacion
2,4,2,2,2,2,2,1,5,4,2,2,2,2,2,4,3,2,campo,mixta,educacion
3,4,1,3,1,3,2,4,5,4,2,2,2,2,2,4,4,2,campo,presencial,educacion
3,4,2,1,2,1,1,2,5,4,2,2,2,5,2,4,4,3,campo,presencial,educacion
3,5,3,2,2,2,1,3,5,4,2,2,3,3,1,3,4,2,mixto,presencial,educacion
3,5,2,3,2,3,2,3,5,4,2,2,3,2,3,4,4,1,campo,mixta,educacion
2,4,2,2,2,2,1,3,4,4,2,3,2,3,3,4,4,2,mixto,mixta,educacion
2,5,3,2,1,3,2,2,5,5,1,2,2,4,3,5,5,2,mixto,mixta,educacion
2,4,2,2,3,2,2,2,5,3,2,2,1,2,2,2,5,2,campo,mixta,educacion
2,2,3,3,1,1,3,2,5,5,1,2,3,3,3,3,4,2,campo,presencial,educacion
2,4,2,3,2,3,3,2,5,4,2,1,2,4,3,4,4,2,mixto,mixta,educacion
3,4,2,1,1,3,3,2,5,4,3,4,3,3,3,4,5,2,campo,presencial,educacion
2,4,1,1,3,2,4,2,5,5,3,3,2,2,2,3,4,2,campo,mixta,educacion
2,4,2,3,3,3,3,2,5,4,3,1,3,2,2,4,3,2,campo,presencial,educacion
2,4,2,2,3,2,2,2,5,3,2,3,3,3,2,3,4,2,mixto,mixta,educacion
3,4,1,3,2,2,3,2,5,3,4,2,3,3,2,3,4,3,campo,mixta,educacion
3,4,2,2,2,3,4,1,4,4,2,3,2,3,2,4,5,2,mixto,mixta,educacion
1,4,2,2,2,3,2,2,5,3,2,1,2,3,3,3,4,1,mixto,presencial,educacion
1,4,4,3,1,2,2,3,5,4,2,1,3,3,1,4,3,2,mixto,presencial,educacion
3,3,2,3,2,2,1,2,5,4,2,2,2,3,2,4,4,1,campo,presencial,educacion
2,5,3,3,2,1,2,1,5,4,2,2,3,3,2,3,4,3,campo,mixta,educacion
3,4,2,2,2,2,2,2,5,3,2,1,2,3,2,5,4,2,mixto,presencial,educacion
3,3,2,3,3,1,2,2,5,4,2,2,3,4,1,3,4,2,campo,mixta,educacion
2,5,3,2,2,3,2,2,4,3,2,2,1,4,3,4,4,3,campo,mixta,educacion
2,4,2,3,2,3,2,3,5,4,2,3,3,2,1,5,4,2,mixto,presencial,educacion
3,4,2,2,3,2,3,2,4,4,3,2,2,4,3,4,5,1,mixto,mixta,educacion
3,5,1,2,2,2,1,2,5,4,3,3,2,4,2,5,5,2,campo,mixta,educacion
2,5,2,2,3,3,3,3,5,4,1,3,2,2,2,4,4,2,mixto,presencial,educacion
2,4,2,3,2,3,1,2,5,3,2,3,3,3,4,5,3,2,mixto,presencial,educacion
2,4,3,2,2,3,3,1,5,4,1,2,2,3,2,5,4,2,mixto,mixta,educacion
1,3,2,2,1,1,3,2,5,4,2,2,2,3,4,3,4,1,campo,presencial,educacion
2,4,3,2,1,1,4,2,5,4,1,3,1,3,1,3,3,2,campo,mixta,educacion
2,4,1,2,2,3,3,2,5,3,2,2,1,3,1,4,4,2,campo,mixta,educacion
3,4,1,3,3,3,1,2,4,5,4,1,2,4,2,4,4,4,mixto,presencial,educacion
1,4,1,2,2,2,2,2,5,5,2,3,3,2,3,4,3,1,campo,mixta,educacion
1,4,2,2,3,1,3,3,5,3,3,3,3,3,2,3,4,2,campo,presencial,educacion
2,4,2,2,2,2,2,3,4,4,2,2,2,3,2,3,4,2,mixto,presencial,educacion
2,5,4,3,3,2,3,1,5,4,2,3,2,5,3,5,4,2,campo,presencial,educacion
2,4,3,2,2,4,2,3,5,5,2,3,3,3,1,4,5,2,campo,presencial,educacion
2,4,2,2,2,2,3,1,3,4,2,2,1,4,2,4,3,3,mixto,mixta,educacion
2,3,1,2,3,3,2,2,4,5,2,2,2,4,2,4,4,3,campo,mixta,educacion
3,4,2,2,2,3,1,2,5,3,2,2,2,2,3,5,4,1,campo,presencial,educacion
3,4,3,3,2,1,2,3,5,5,2,2,2,3,2,4,4,3,mixto,mixta,educacion
2,5,1,2,3,3,3,3,5,4,2,2,2,3,3,5,5,1,mixto,presencial,educacion
2,4,2,2,3,1,2,2,5,3,2,2,1,4,2,4,5,2,campo,presencial,educacion
3,1,2,2,3,2,2,2,4,4,3,3,2,3,3,4,4,3,mixto,presencial,educacion
1,4,3,2,3,2,2,1,5,3,3,3,3,3,2,4,3,1,mixto,presencial,educacion
1,3,2,3,2,2,3,2,5,4,2,2,3,4,3,4,4,2,campo,presencial,educacion
3,4,3,1,2,2,1,2,4,4,3,2,3,3,2,3,4,2,mixto,presencial,educacion
2,4,2,2,2,2,2,2,5,4,3,2,2,3,3,3,4,3,mixto,mixta,educacion
4,3,1,2,3,3,2,2,4,4,3,2,3,3,2,4,4,2,campo,mixta,educacion
3,4,3,2,3,3,4,3,5,3,1,2,2,3,2,3,4,1,mixto,mixta,educacion
2,4,2,2,1,2,3,3,5,4,3,2,2,3,2,4,5,3,mixto,mixta,educacion
2,4,2,2,3,1,3,3,5,4,2,2,2,3,2,4,4,2,mixto,mixta,educacion
2,2,2,4,1,1,2,2,5,5,2,3,1,3,3,4,4,2,campo,presencial,educacion
3,4,1,2,1,2,3,2,5,3,3,2,3,2,1,5,3,3,campo,presencial,educacion
2,4,2,2,3,2,2,2,4,4,2,2,2,4,2,4,2,2,mixto,mixta,educacion
2,3,2,2,2,2,2,2,3,5,3,1,2,2,2,5,4,2,campo,presencial,educacion
4,4,2,1,3,3,2,3,5,4,2,3,3,4,2,5,4,2,mixto,presencial,educacion
